[23Mar2025 00:46:02.625] [main/INFO] [cpw.mods.modlauncher.Launcher/MODLAUNCHER]: ModLauncher running: args [--gameDir, ., --launchTarget, fmlserver, --fml.forgeVersion, 36.2.42, --fml.mcpVersion, 20210115.111550, --fml.mcVersion, 1.16.5, --fml.forgeGroup, net.minecraftforge, nogui]
[23Mar2025 00:46:02.628] [main/INFO] [cpw.mods.modlauncher.Launcher/MODLAUNCHER]: ModLauncher 8.1.3+8.1.3+main-8.1.x.c94d18ec starting: java version 11.0.26 by Ubuntu
[23Mar2025 00:46:03.350] [main/INFO] [net.minecraftforge.fml.loading.FixSSL/CORE]: Added Lets Encrypt root certificates as additional trust
[23Mar2025 00:46:03.444] [main/INFO] [mixin/]: SpongePowered MIXIN Subsystem Version=0.8.4 Source=file:/workspaces/Craftserver/servidor_minecraft/libraries/org/spongepowered/mixin/0.8.4/mixin-0.8.4.jar Service=ModLauncher Env=SERVER
[23Mar2025 00:46:04.345] [main/INFO] [STDERR/]: [jdk.nashorn.api.scripting.NashornScriptEngine:<init>:143]: Warning: Nashorn engine is planned to be removed from a future JDK release
[23Mar2025 00:46:04.463] [main/INFO] [STDERR/]: [jdk.nashorn.api.scripting.NashornScriptEngine:<init>:143]: Warning: Nashorn engine is planned to be removed from a future JDK release
[23Mar2025 00:46:04.470] [main/INFO] [STDERR/]: [jdk.nashorn.api.scripting.NashornScriptEngine:<init>:143]: Warning: Nashorn engine is planned to be removed from a future JDK release
[23Mar2025 00:46:04.476] [main/INFO] [STDERR/]: [jdk.nashorn.api.scripting.NashornScriptEngine:<init>:143]: Warning: Nashorn engine is planned to be removed from a future JDK release
[23Mar2025 00:46:04.483] [main/INFO] [STDERR/]: [jdk.nashorn.api.scripting.NashornScriptEngine:<init>:143]: Warning: Nashorn engine is planned to be removed from a future JDK release
[23Mar2025 00:46:04.491] [main/INFO] [STDERR/]: [jdk.nashorn.api.scripting.NashornScriptEngine:<init>:143]: Warning: Nashorn engine is planned to be removed from a future JDK release
[23Mar2025 00:46:04.497] [main/INFO] [STDERR/]: [jdk.nashorn.api.scripting.NashornScriptEngine:<init>:143]: Warning: Nashorn engine is planned to be removed from a future JDK release
[23Mar2025 00:46:04.738] [main/INFO] [STDERR/]: [org.antlr.v4.runtime.ConsoleErrorListener:syntaxError:38]: line 1:0 token recognition error at: '/'
[23Mar2025 00:46:04.739] [main/INFO] [STDERR/]: [org.antlr.v4.runtime.ConsoleErrorListener:syntaxError:38]: line 1:1 token recognition error at: '/'
[23Mar2025 00:46:09.260] [main/INFO] [mixin/]: Successfully loaded Mixin Connector [com.fuzs.easymagic.mixin.MixinConnector]
[23Mar2025 00:46:09.263] [main/INFO] [mixin/]: Successfully loaded Mixin Connector [vazkii.patchouli.common.MixinConnector]
[23Mar2025 00:46:09.273] [main/INFO] [cpw.mods.modlauncher.LaunchServiceHandler/MODLAUNCHER]: Launching target 'fmlserver' with arguments [--gameDir, ., nogui]
[23Mar2025 00:46:09.469] [main/WARN] [mixin/]: Reference map 'nethers_delight.refmap.json' for nethers_delight.mixins.json could not be read. If this is a development environment you can ignore this message
[23Mar2025 00:46:11.340] [main/WARN] [mixin/]: Error loading class: com/chaosthedude/naturescompass/util/BiomeSearchWorker (java.lang.ClassNotFoundException: null)
[23Mar2025 00:46:11.341] [main/WARN] [mixin/]: @Mixin target com.chaosthedude.naturescompass.util.BiomeSearchWorker was not found cavebiomeapi-forge.mixins.json:NatureCompassCompat
[23Mar2025 00:46:22.356] [main/INFO] [net.minecraftforge.registries.GameData/]: Potentially Dangerous alternative prefix `citadel` for name `debug`, expected `minecraft`. This could be a intended override, but in most cases indicates a broken mod.
[23Mar2025 00:46:22.361] [main/INFO] [net.minecraftforge.registries.GameData/]: Potentially Dangerous alternative prefix `citadel` for name `citadel_book`, expected `minecraft`. This could be a intended override, but in most cases indicates a broken mod.
[23Mar2025 00:46:22.367] [main/INFO] [net.minecraftforge.registries.GameData/]: Potentially Dangerous alternative prefix `citadel` for name `effect_item`, expected `minecraft`. This could be a intended override, but in most cases indicates a broken mod.
[23Mar2025 00:46:22.367] [main/INFO] [net.minecraftforge.registries.GameData/]: Potentially Dangerous alternative prefix `citadel` for name `fancy_item`, expected `minecraft`. This could be a intended override, but in most cases indicates a broken mod.
[23Mar2025 00:46:22.638] [main/INFO] [net.minecraftforge.registries.GameData/]: Potentially Dangerous alternative prefix `rats` for name `synesthesia`, expected `minecraft`. This could be a intended override, but in most cases indicates a broken mod.
[23Mar2025 00:46:22.638] [main/INFO] [net.minecraftforge.registries.GameData/]: Potentially Dangerous alternative prefix `rats` for name `plague`, expected `minecraft`. This could be a intended override, but in most cases indicates a broken mod.
[23Mar2025 00:46:23.249] [modloading-worker-1/INFO] [com.jtorleonstudios.libraryferret.LibraryFerret/]: Initialize mod Library Ferret
[23Mar2025 00:46:23.471] [modloading-worker-1/INFO] [com.jtorleonstudios.libraryferret.LibraryFerret/]: Initialized mod Library Ferret
[23Mar2025 00:46:23.630] [modloading-worker-1/INFO] [strawgolem/]: Initializing strawgolem
[23Mar2025 00:46:24.518] [modloading-worker-0/WARN] [mixin/]: @Final field field_188669_b:Lorg/apache/logging/log4j/Logger; in progressivebosses.mixins.json:ChargingPlayerPhaseMixin should be final
[23Mar2025 00:46:24.783] [modloading-worker-0/INFO] [net.minecraftforge.common.ForgeMod/FORGEMOD]: Forge mod loading, version 36.2.42, for MC 1.16.5 with MCP 20210115.111550
[23Mar2025 00:46:24.783] [modloading-worker-0/INFO] [net.minecraftforge.common.MinecraftForge/FORGE]: MinecraftForge v36.2.42 Initialized
[23Mar2025 00:46:24.884] [modloading-worker-1/INFO] [mysticmods.mysticalworld.repack.registrate.AbstractRegistrate/]: Detected new forge version, registering events reflectively.
[23Mar2025 00:46:28.593] [modloading-worker-1/INFO] [ironfurnaces.IronFurnaces/]: Initializing Update Checker...
[23Mar2025 00:46:28.600] [ Iron Furnaces Update Checker/INFO] [ironfurnaces.IronFurnaces/]: Starting Update Check...
[23Mar2025 00:46:28.655] [ Iron Furnaces Update Checker/INFO] [ironfurnaces.IronFurnaces/]: Update Check done!
[23Mar2025 00:46:28.655] [ Iron Furnaces Update Checker/INFO] [ironfurnaces.IronFurnaces/]: Iron Furnaces is up to date!
[23Mar2025 00:46:29.613] [modloading-worker-2/INFO] [dev.itsmeow.whisperwoods.WhisperwoodsMod/]: Spooking you...
[23Mar2025 00:46:42.518] [main/INFO] [net.minecraftforge.registries.GameData/]: Potentially Dangerous alternative prefix `minecraft` for name `shulker_shell`, expected `supplementaries`. This could be a intended override, but in most cases indicates a broken mod.
[23Mar2025 00:46:43.681] [main/INFO] [patchouli/]: Loaded book jsons on Thread[main,5,main] in 410 ms
[23Mar2025 00:46:44.212] [main/WARN] [net.minecraftforge.common.ForgeHooks/]: Called deprecated GlobalEntityTypeAttributes#put for dungeonsmod:extrapart, use EntityAttributeCreationEvent instead.
[23Mar2025 00:46:44.212] [main/WARN] [net.minecraftforge.common.ForgeHooks/]: Called deprecated GlobalEntityTypeAttributes#put for dungeonsmod:sandcloud, use EntityAttributeCreationEvent instead.
[23Mar2025 00:46:44.212] [main/WARN] [net.minecraftforge.common.ForgeHooks/]: Called deprecated GlobalEntityTypeAttributes#put for dungeonsmod:traveler, use EntityAttributeCreationEvent instead.
[23Mar2025 00:46:44.213] [main/WARN] [net.minecraftforge.common.ForgeHooks/]: Called deprecated GlobalEntityTypeAttributes#put for dungeonsmod:anthermite, use EntityAttributeCreationEvent instead.
[23Mar2025 00:46:44.213] [main/WARN] [net.minecraftforge.common.ForgeHooks/]: Called deprecated GlobalEntityTypeAttributes#put for dungeonsmod:mimic, use EntityAttributeCreationEvent instead.
[23Mar2025 00:46:44.216] [main/WARN] [net.minecraftforge.common.ForgeHooks/]: Called deprecated GlobalEntityTypeAttributes#put for dungeonsmod:piranha, use EntityAttributeCreationEvent instead.
[23Mar2025 00:46:44.217] [main/WARN] [net.minecraftforge.common.ForgeHooks/]: Called deprecated GlobalEntityTypeAttributes#put for dungeonsmod:rogue, use EntityAttributeCreationEvent instead.
[23Mar2025 00:46:44.218] [main/WARN] [net.minecraftforge.common.ForgeHooks/]: Called deprecated GlobalEntityTypeAttributes#put for dungeonsmod:slimond, use EntityAttributeCreationEvent instead.
[23Mar2025 00:46:44.218] [main/WARN] [net.minecraftforge.common.ForgeHooks/]: Called deprecated GlobalEntityTypeAttributes#put for dungeonsmod:haunter, use EntityAttributeCreationEvent instead.
[23Mar2025 00:46:44.218] [main/WARN] [net.minecraftforge.common.ForgeHooks/]: Called deprecated GlobalEntityTypeAttributes#put for dungeonsmod:lordskeleton, use EntityAttributeCreationEvent instead.
[23Mar2025 00:46:44.219] [main/WARN] [net.minecraftforge.common.ForgeHooks/]: Called deprecated GlobalEntityTypeAttributes#put for dungeonsmod:deadhound, use EntityAttributeCreationEvent instead.
[23Mar2025 00:46:44.220] [main/WARN] [net.minecraftforge.common.ForgeHooks/]: Called deprecated GlobalEntityTypeAttributes#put for dungeonsmod:crow, use EntityAttributeCreationEvent instead.
[23Mar2025 00:46:44.221] [main/WARN] [net.minecraftforge.common.ForgeHooks/]: Called deprecated GlobalEntityTypeAttributes#put for dungeonsmod:notehead, use EntityAttributeCreationEvent instead.
[23Mar2025 00:46:44.224] [main/WARN] [net.minecraftforge.common.ForgeHooks/]: Called deprecated GlobalEntityTypeAttributes#put for dungeonsmod:winterhunter, use EntityAttributeCreationEvent instead.
[23Mar2025 00:46:44.224] [main/WARN] [net.minecraftforge.common.ForgeHooks/]: Called deprecated GlobalEntityTypeAttributes#put for dungeonsmod:pice, use EntityAttributeCreationEvent instead.
[23Mar2025 00:46:44.224] [main/WARN] [net.minecraftforge.common.ForgeHooks/]: Called deprecated GlobalEntityTypeAttributes#put for dungeonsmod:leech, use EntityAttributeCreationEvent instead.
[23Mar2025 00:46:44.225] [main/WARN] [net.minecraftforge.common.ForgeHooks/]: Called deprecated GlobalEntityTypeAttributes#put for dungeonsmod:pitcher, use EntityAttributeCreationEvent instead.
[23Mar2025 00:46:44.225] [main/WARN] [net.minecraftforge.common.ForgeHooks/]: Called deprecated GlobalEntityTypeAttributes#put for dungeonsmod:whirlwind, use EntityAttributeCreationEvent instead.
[23Mar2025 00:46:44.226] [main/WARN] [net.minecraftforge.common.ForgeHooks/]: Called deprecated GlobalEntityTypeAttributes#put for dungeonsmod:crawler, use EntityAttributeCreationEvent instead.
[23Mar2025 00:46:44.226] [main/WARN] [net.minecraftforge.common.ForgeHooks/]: Called deprecated GlobalEntityTypeAttributes#put for dungeonsmod:deserted, use EntityAttributeCreationEvent instead.
[23Mar2025 00:46:44.226] [main/WARN] [net.minecraftforge.common.ForgeHooks/]: Called deprecated GlobalEntityTypeAttributes#put for dungeonsmod:ironslime, use EntityAttributeCreationEvent instead.
[23Mar2025 00:46:44.226] [main/WARN] [net.minecraftforge.common.ForgeHooks/]: Called deprecated GlobalEntityTypeAttributes#put for dungeonsmod:king, use EntityAttributeCreationEvent instead.
[23Mar2025 00:46:44.227] [main/WARN] [net.minecraftforge.common.ForgeHooks/]: Called deprecated GlobalEntityTypeAttributes#put for dungeonsmod:kraken, use EntityAttributeCreationEvent instead.
[23Mar2025 00:46:44.227] [main/WARN] [net.minecraftforge.common.ForgeHooks/]: Called deprecated GlobalEntityTypeAttributes#put for dungeonsmod:sun, use EntityAttributeCreationEvent instead.
[23Mar2025 00:46:44.231] [main/WARN] [net.minecraftforge.common.ForgeHooks/]: Called deprecated GlobalEntityTypeAttributes#put for dungeonsmod:voidmaster, use EntityAttributeCreationEvent instead.
[23Mar2025 00:46:44.231] [main/WARN] [net.minecraftforge.common.ForgeHooks/]: Called deprecated GlobalEntityTypeAttributes#put for dungeonsmod:guard, use EntityAttributeCreationEvent instead.
[23Mar2025 00:46:44.231] [main/WARN] [net.minecraftforge.common.ForgeHooks/]: Called deprecated GlobalEntityTypeAttributes#put for dungeonsmod:scientist, use EntityAttributeCreationEvent instead.
[23Mar2025 00:46:44.232] [main/WARN] [net.minecraftforge.common.ForgeHooks/]: Called deprecated GlobalEntityTypeAttributes#put for dungeonsmod:slimewolf, use EntityAttributeCreationEvent instead.
[23Mar2025 00:46:44.237] [main/WARN] [net.minecraftforge.common.ForgeHooks/]: Called deprecated GlobalEntityTypeAttributes#put for strawgolem:strawgolem, use EntityAttributeCreationEvent instead.
[23Mar2025 00:46:44.359] [main/WARN] [net.minecraftforge.common.ForgeHooks/]: Called deprecated GlobalEntityTypeAttributes#put for rats:rat, use EntityAttributeCreationEvent instead.
[23Mar2025 00:46:44.359] [main/WARN] [net.minecraftforge.common.ForgeHooks/]: Called deprecated GlobalEntityTypeAttributes#put for rats:rat_spawner, use EntityAttributeCreationEvent instead.
[23Mar2025 00:46:44.360] [main/WARN] [net.minecraftforge.common.ForgeHooks/]: Called deprecated GlobalEntityTypeAttributes#put for rats:pied_piper, use EntityAttributeCreationEvent instead.
[23Mar2025 00:46:44.361] [main/WARN] [net.minecraftforge.common.ForgeHooks/]: Called deprecated GlobalEntityTypeAttributes#put for rats:plague_doctor, use EntityAttributeCreationEvent instead.
[23Mar2025 00:46:44.364] [main/WARN] [net.minecraftforge.common.ForgeHooks/]: Called deprecated GlobalEntityTypeAttributes#put for rats:black_death, use EntityAttributeCreationEvent instead.
[23Mar2025 00:46:44.365] [main/WARN] [net.minecraftforge.common.ForgeHooks/]: Called deprecated GlobalEntityTypeAttributes#put for rats:plague_cloud, use EntityAttributeCreationEvent instead.
[23Mar2025 00:46:44.368] [main/WARN] [net.minecraftforge.common.ForgeHooks/]: Called deprecated GlobalEntityTypeAttributes#put for rats:plague_beast, use EntityAttributeCreationEvent instead.
[23Mar2025 00:46:44.371] [main/WARN] [net.minecraftforge.common.ForgeHooks/]: Called deprecated GlobalEntityTypeAttributes#put for rats:rat_mount_chicken, use EntityAttributeCreationEvent instead.
[23Mar2025 00:46:44.372] [main/WARN] [net.minecraft.network.datasync.EntityDataManager/]: defineId called for: class com.github.alexthe666.rats.server.entity.ratlantis.EntityFeralRatlantean from class com.github.alexthe666.rats.server.entity.EntityRatBeastMount
[23Mar2025 00:46:44.374] [main/WARN] [net.minecraftforge.common.ForgeHooks/]: Called deprecated GlobalEntityTypeAttributes#put for rats:rat_mount_beast, use EntityAttributeCreationEvent instead.
[23Mar2025 00:46:44.377] [main/WARN] [net.minecraftforge.common.ForgeHooks/]: Called deprecated GlobalEntityTypeAttributes#put for rats:rat_king, use EntityAttributeCreationEvent instead.
[23Mar2025 00:46:44.378] [main/WARN] [net.minecraftforge.common.ForgeHooks/]: Called deprecated GlobalEntityTypeAttributes#put for rats:demon_rat, use EntityAttributeCreationEvent instead.
[23Mar2025 00:46:44.378] [main/WARN] [net.minecraftforge.common.ForgeHooks/]: Called deprecated GlobalEntityTypeAttributes#put for rats:rat_mount_strider, use EntityAttributeCreationEvent instead.
[23Mar2025 00:46:44.378] [main/WARN] [net.minecraftforge.common.ForgeHooks/]: Called deprecated GlobalEntityTypeAttributes#put for rats:rat_mount_golem, use EntityAttributeCreationEvent instead.
[23Mar2025 00:46:44.585] [main/INFO] [com.dainxt.dungeonsmod.DungeonsMod/]: Register Point of Interest public static net.minecraft.village.PointOfInterestType net.minecraft.village.PointOfInterestType.func_221052_a(net.minecraft.village.PointOfInterestType)
[23Mar2025 00:46:44.899] [main/INFO] [corgitaco.enhancedcelestials.Main/]: enhancedcelestials: Sounds registered!
[23Mar2025 00:46:45.915] [main/WARN] [net.minecraftforge.registries.ForgeRegistry/REGISTRIES]: Registry minecraft:worldgen/biome: The object minecraft:the_end has been registered twice for the same name minecraft:the_end.
[23Mar2025 00:46:45.921] [main/WARN] [net.minecraftforge.registries.ForgeRegistry/REGISTRIES]: Registry minecraft:worldgen/biome: The object minecraft:end_barrens has been registered twice for the same name minecraft:end_barrens.
[23Mar2025 00:46:45.922] [main/WARN] [net.minecraftforge.registries.ForgeRegistry/REGISTRIES]: Registry minecraft:worldgen/biome: The object minecraft:small_end_islands has been registered twice for the same name minecraft:small_end_islands.
[23Mar2025 00:46:45.924] [main/WARN] [net.minecraftforge.registries.ForgeRegistry/REGISTRIES]: Registry minecraft:worldgen/biome: The object minecraft:end_midlands has been registered twice for the same name minecraft:end_midlands.
[23Mar2025 00:46:45.924] [main/WARN] [net.minecraftforge.registries.ForgeRegistry/REGISTRIES]: Registry minecraft:worldgen/biome: The object minecraft:end_highlands has been registered twice for the same name minecraft:end_highlands.
[23Mar2025 00:46:46.760] [main/ERROR] [net.minecraft.util.registry.SimpleRegistry/]: Adding duplicate value 'mod.beethoven92.betterendforge.common.init.ModStructurePieces$$Lambda$6373/0x0000000841326840@3fccfbd2' to registry
[23Mar2025 00:46:46.761] [main/ERROR] [net.minecraft.util.registry.SimpleRegistry/]: Adding duplicate value 'mod.beethoven92.betterendforge.common.init.ModStructurePieces$$Lambda$6379/0x0000000841325440@3cfa3139' to registry
[23Mar2025 00:46:46.762] [main/ERROR] [net.minecraft.util.registry.SimpleRegistry/]: Adding duplicate value 'mod.beethoven92.betterendforge.common.init.ModStructurePieces$$Lambda$6380/0x0000000841324840@26ad6f82' to registry
[23Mar2025 00:46:46.763] [main/ERROR] [net.minecraft.util.registry.SimpleRegistry/]: Adding duplicate value 'mod.beethoven92.betterendforge.common.init.ModStructurePieces$$Lambda$6408/0x0000000841336040@684a26c5' to registry
[23Mar2025 00:46:46.764] [main/ERROR] [net.minecraft.util.registry.SimpleRegistry/]: Adding duplicate value 'mod.beethoven92.betterendforge.common.init.ModStructurePieces$$Lambda$6414/0x0000000841337840@305b0174' to registry
[23Mar2025 00:46:46.764] [main/ERROR] [net.minecraft.util.registry.SimpleRegistry/]: Adding duplicate value 'mod.beethoven92.betterendforge.common.init.ModStructurePieces$$Lambda$6415/0x0000000841337c40@6695d3f' to registry
[23Mar2025 00:46:47.007] [Thread-0/INFO] [Puzzles Lib/]: Reloading common config for mod easymagic
[23Mar2025 00:46:47.013] [Thread-0/INFO] [Puzzles Lib/]: Reloading common config for mod easymagic
[23Mar2025 00:46:47.266] [main/WARN] [insane96mcp.insanelib.InsaneLib/]: Entity botania:pink_wither for Wither's Difficulty Feature entityBlacklist doesn't exist, will be ignored.
[23Mar2025 00:46:47.275] [Thread-0/WARN] [insane96mcp.insanelib.InsaneLib/]: Entity botania:pink_wither for Wither's Difficulty Feature entityBlacklist doesn't exist, will be ignored.
[23Mar2025 00:46:47.501] [modloading-worker-2/WARN] [net.minecraftforge.common.ForgeHooks/]: Called deprecated GlobalEntityTypeAttributes#put for goblintraders:goblin_trader, use EntityAttributeCreationEvent instead.
[23Mar2025 00:46:47.517] [modloading-worker-2/WARN] [net.minecraftforge.common.ForgeHooks/]: Called deprecated GlobalEntityTypeAttributes#put for goblintraders:vein_goblin_trader, use EntityAttributeCreationEvent instead.
[23Mar2025 00:46:47.523] [modloading-worker-3/INFO] [Puzzles Lib/]: Reloading common config for all mods
[23Mar2025 00:46:47.523] [modloading-worker-3/INFO] [strawgolem/]: Strawgolem common setup
[23Mar2025 00:46:47.677] [Forge Version Check/INFO] [net.minecraftforge.fml.VersionChecker/]: [dungeonsmod] Starting version check at https://raw.githubusercontent.com/dainxt/DungeonsMod-Issue-Tracker/master/update.json
[23Mar2025 00:46:47.718] [modloading-worker-1/INFO] [dev.itsmeow.whisperwoods.WhisperwoodsMod/]: Summoning a hidebehind to eat you...
[23Mar2025 00:46:47.824] [modloading-worker-0/INFO] [gobber2/]: Gobber common setup
[23Mar2025 00:46:47.857] [Forge Version Check/INFO] [net.minecraftforge.fml.VersionChecker/]: [dungeonsmod] Found status: BETA Current: 1.16.3-1.4.43 Target: null
[23Mar2025 00:46:47.858] [Forge Version Check/INFO] [net.minecraftforge.fml.VersionChecker/]: [goblintraders] Starting version check at https://mrcrayfish.com/modupdatejson?id=goblintraders
[23Mar2025 00:46:48.249] [main/WARN] [net.minecraftforge.common.ForgeHooks/]: Called deprecated GlobalEntityTypeAttributes#put for guardvillagers:guard, use EntityAttributeCreationEvent instead.
[23Mar2025 00:46:48.271] [main/INFO] [mysticmods.mysticalworld.repack.noobutil.NoobUtil/]: Added 4 additional attributes to PlayerEntity.
[23Mar2025 00:46:48.305] [Forge Version Check/INFO] [net.minecraftforge.fml.VersionChecker/]: [goblintraders] Found status: BETA Current: 1.7.3 Target: 1.7.3
[23Mar2025 00:46:48.306] [Forge Version Check/INFO] [net.minecraftforge.fml.VersionChecker/]: [oresabovediamonds] Starting version check at https://raw.githubusercontent.com/Squidsword/OresAboveDiamonds/1.16.4/update.json
[23Mar2025 00:46:48.406] [Forge Version Check/INFO] [net.minecraftforge.fml.VersionChecker/]: [oresabovediamonds] Found status: UP_TO_DATE Current: 6.4.1 Target: null
[23Mar2025 00:46:48.406] [Forge Version Check/INFO] [net.minecraftforge.fml.VersionChecker/]: [guardvillagers] Starting version check at https://raw.githubusercontent.com/seymourimadeit/guardvillagers/master/update.json
[23Mar2025 00:46:48.422] [Forge Version Check/INFO] [net.minecraftforge.fml.VersionChecker/]: [guardvillagers] Found status: UP_TO_DATE Current: 1.2.6 Target: null
[23Mar2025 00:46:48.425] [Forge Version Check/INFO] [net.minecraftforge.fml.VersionChecker/]: [forge] Starting version check at https://files.minecraftforge.net/net/minecraftforge/forge/promotions_slim.json
[23Mar2025 00:46:48.569] [main/WARN] [net.minecraftforge.common.ForgeHooks/]: Called deprecated GlobalEntityTypeAttributes#put for cnb:little_grebe, use EntityAttributeCreationEvent instead.
[23Mar2025 00:46:48.570] [main/WARN] [net.minecraftforge.common.ForgeHooks/]: Called deprecated GlobalEntityTypeAttributes#put for cnb:cindershell, use EntityAttributeCreationEvent instead.
[23Mar2025 00:46:48.571] [main/WARN] [net.minecraftforge.common.ForgeHooks/]: Called deprecated GlobalEntityTypeAttributes#put for cnb:lizard, use EntityAttributeCreationEvent instead.
[23Mar2025 00:46:48.573] [main/WARN] [net.minecraftforge.common.ForgeHooks/]: Called deprecated GlobalEntityTypeAttributes#put for cnb:lilytad, use EntityAttributeCreationEvent instead.
[23Mar2025 00:46:48.575] [main/WARN] [net.minecraft.network.datasync.EntityDataManager/]: defineId called for: class com.cgessinger.creaturesandbeasts.common.entites.FriendlySporelingEntity from class com.cgessinger.creaturesandbeasts.common.entites.AbstractSporelingEntity
[23Mar2025 00:46:48.576] [main/WARN] [net.minecraftforge.common.ForgeHooks/]: Called deprecated GlobalEntityTypeAttributes#put for cnb:friendly_sporeling, use EntityAttributeCreationEvent instead.
[23Mar2025 00:46:48.577] [main/WARN] [net.minecraftforge.common.ForgeHooks/]: Called deprecated GlobalEntityTypeAttributes#put for cnb:hostile_sporeling, use EntityAttributeCreationEvent instead.
[23Mar2025 00:46:48.577] [main/WARN] [net.minecraftforge.common.ForgeHooks/]: Called deprecated GlobalEntityTypeAttributes#put for cnb:neutral_sporeling, use EntityAttributeCreationEvent instead.
[23Mar2025 00:46:48.577] [main/WARN] [net.minecraftforge.common.ForgeHooks/]: Called deprecated GlobalEntityTypeAttributes#put for cnb:yeti, use EntityAttributeCreationEvent instead.
[23Mar2025 00:46:48.579] [main/WARN] [net.minecraftforge.common.ForgeHooks/]: Called deprecated GlobalEntityTypeAttributes#put for darkerdepths:glowshroom_monster, use EntityAttributeCreationEvent instead.
[23Mar2025 00:46:48.579] [main/WARN] [net.minecraftforge.common.ForgeHooks/]: Called deprecated GlobalEntityTypeAttributes#put for darkerdepths:magma_minion, use EntityAttributeCreationEvent instead.
[23Mar2025 00:46:48.694] [Forge Version Check/INFO] [net.minecraftforge.fml.VersionChecker/]: [forge] Found status: AHEAD Current: 36.2.42 Target: null
[23Mar2025 00:46:48.695] [Forge Version Check/INFO] [net.minecraftforge.fml.VersionChecker/]: [silentlib] Starting version check at https://raw.githubusercontent.com/SilentChaos512/SilentLib/1.14/update.json
[23Mar2025 00:46:48.709] [Forge Version Check/INFO] [net.minecraftforge.fml.VersionChecker/]: [silentlib] Found status: BETA Current: 4.10.0 Target: null
[23Mar2025 00:46:48.709] [Forge Version Check/INFO] [net.minecraftforge.fml.VersionChecker/]: [tombstone] Starting version check at https://raw.githubusercontent.com/Corail31/tombstone_lite/master/update.json
[23Mar2025 00:46:48.725] [Forge Version Check/INFO] [net.minecraftforge.fml.VersionChecker/]: [tombstone] Found status: UP_TO_DATE Current: 6.9.6 Target: null
[23Mar2025 00:46:48.729] [Forge Version Check/INFO] [net.minecraftforge.fml.VersionChecker/]: [puzzleslib] Starting version check at https://raw.githubusercontent.com/Fuzss/modresources/main/update/puzzleslib.json
[23Mar2025 00:46:48.760] [Forge Version Check/INFO] [net.minecraftforge.fml.VersionChecker/]: [puzzleslib] Found status: UP_TO_DATE Current: 1.0.15 Target: null
[23Mar2025 00:46:48.760] [Forge Version Check/INFO] [net.minecraftforge.fml.VersionChecker/]: [nebs] Starting version check at https://infernalstudios.org/api/mods/nekosenchantedbooks/forge
[23Mar2025 00:46:48.801] [modloading-worker-1/INFO] [gobber2/]: Gobber server setup
[23Mar2025 00:46:48.824] [modloading-worker-2/INFO] [gobber2/]: Gobber IMC setup
[23Mar2025 00:46:49.019] [Forge Version Check/INFO] [net.minecraftforge.fml.VersionChecker/]: [nebs] Found status: AHEAD Current: 2.0.3 Target: null
[23Mar2025 00:46:59.038] [main/ERROR] [net.minecraft.util.registry.WorldSettingsImport/]: Error adding element: Unknown registry element mod.beethoven92.betterendforge.common.world.feature.SinglePlantFeature@761d621a
[23Mar2025 00:47:01.690] [main/INFO] [com.mojang.authlib.yggdrasil.YggdrasilAuthenticationService/]: Environment: authHost='https://authserver.mojang.com', accountsHost='https://api.mojang.com', sessionHost='https://sessionserver.mojang.com', servicesHost='https://api.minecraftservices.com', name='PROD'
[23Mar2025 00:47:02.951] [main/WARN] [net.minecraft.command.Commands/]: Ambiguity between arguments [sh_difficulty, add, server] and [sh_difficulty, add, targets] with inputs: [server]
[23Mar2025 00:47:02.954] [main/WARN] [net.minecraft.command.Commands/]: Ambiguity between arguments [sh_difficulty, get, server] and [sh_difficulty, get, targets] with inputs: [server]
[23Mar2025 00:47:02.956] [main/WARN] [net.minecraft.command.Commands/]: Ambiguity between arguments [sh_difficulty, set, server] and [sh_difficulty, set, targets] with inputs: [server]
[23Mar2025 00:47:02.964] [main/WARN] [net.minecraft.command.Commands/]: Ambiguity between arguments [teleport, destination] and [teleport, targets] with inputs: [Player, 0123, @e, dd12be42-52a9-4a91-a8a1-11c01849e498]
[23Mar2025 00:47:02.971] [main/WARN] [net.minecraft.command.Commands/]: Ambiguity between arguments [teleport, location] and [teleport, destination] with inputs: [0.1 -0.5 .9, 0 0 0]
[23Mar2025 00:47:02.974] [main/WARN] [net.minecraft.command.Commands/]: Ambiguity between arguments [teleport, location] and [teleport, targets] with inputs: [0.1 -0.5 .9, 0 0 0]
[23Mar2025 00:47:02.977] [main/WARN] [net.minecraft.command.Commands/]: Ambiguity between arguments [teleport, targets] and [teleport, destination] with inputs: [Player, 0123, dd12be42-52a9-4a91-a8a1-11c01849e498]
[23Mar2025 00:47:02.980] [main/WARN] [net.minecraft.command.Commands/]: Ambiguity between arguments [teleport, targets, location] and [teleport, targets, destination] with inputs: [0.1 -0.5 .9, 0 0 0]
[23Mar2025 00:47:02.999] [main/INFO] [net.minecraft.resources.SimpleReloadableResourceManager/]: Reloading ResourceManager: Default, SkyVillage_1.0.0_1.16.5.jar, mowziesmobs-1.5.27.jar, DungeonsMod-1.16.3-1.4.43.jar, EasyMagic-v1.0.4-1.16.5.jar, The_Graveyard_2.1_(FORGE)_for_1.16.4-1.16.5.jar, abnormals_core-1.16.5-3.3.1.jar, libraryferret-forge-1.16.5-4.0.0.jar, goblintraders-1.7.3-1.16.5.jar, strawgolem-1.16-1.9.jar, InsaneLib-1.4.2-mc1.16.5.jar, UNDEADv.1.7.b.release+Biome.jar, etched-forge-2.2.0+1.16.5.jar, Waystones_1.16.5-7.6.4.jar, OresAboveDiamonds-1.16.5-v6.4.1.jar, citadel-1.8.1-1.16.5.jar, alexsmobs-1.12.1.jar, SereneSeasons-1.16.5-4.0.1.130-universal.jar, YungsApi-1.16.4-Forge-13.jar, sophisticatedbackpacks-1.16.5-3.15.20.755.jar, guardvillagers-1.16.5.1.2.6.jar, ProgressiveBosses-3.4.3-mc1.16.5.jar, bygonenether-1.3.2-1.16.5.jar, carryon-1.16.5-1.15.6.24.jar, mysticalworld-1.16.5-0.3.6.27.jar, forge-1.16.5-36.2.42-universal.jar, supplementaries-1.16.5-0.18.5.jar, betterendforge-1.16.5-2.5.jar, selene-1.16.5-1.9.0.jar, DungeonsArise-1.16.5-2.1.49-beta.jar, useless-sword-1.16.5-V1.3.7.jar, FarmersDelight-1.16.5-0.6.0.jar, repurposed_structures_forge-3.4.7+1.16.5.jar, pollen-forge-1.5.0+1.16.5.jar, silent-lib-1.16.5-4.10.0.jar, BiomesOPlenty-1.16.5-13.1.0.488-universal.jar, endrem-5.0.3-R-1.16.5.jar, ironfurnaces-1.16.5-2.7.7.jar, Platform-forge-1.16.5-1.2.4.jar, born_in_chaos_1.16_1.3.jar, EyesInTheDarkness-1.16.5-1.0.6.jar, darkerdepths-1.16.5-1.1.4.jar, CNB-1.16.3_5-1.2.11.jar, whisperwoods-1.16.5-2.1.1-forge.jar, curios-forge-1.16.5-4.1.0.0.jar, relics-1.16.5-0.3.4.4.jar, Patchouli-1.16.4-53.3.jar, rats-7.2.0-1.16.5.jar, sit-1.16.5-v1.3.2.jar, bettervillage-forge-1.16.5-3.2.0.jar, Gobber2-Forge-1.16.5-2.3.55.jar, tombstone-1.16.5-6.9.6.jar, Queen Bee.jar, CaveBiomeAPI-forge-2.0.0.jar, nethers_delight-2.1.jar, architectury-1.32.68.jar, PuzzlesLib-v1.0.15-1.16.5-Forge.jar, enhancedcelestials-2.0.9-1.16.5.jar, Aquaculture-1.16.5-2.1.23.jar, wings-2.1.0-1.16.5.jar, ScalingHealth-1.16.5-4.1.5+11.jar, BetterMineshafts-Forge-1.16.4-2.0.4.jar, geckolib-forge-1.16.5-3.0.106.jar, NekosEnchantedBooks-1.16.1-2.0.3.jar, realmrpg_pots_and_mimics_0.0.2_forge_1.16.5.jar, xptome-1.16.5-v2.1.5.jar, sons-of-sins-1.16.5-1.0.8.jar
[23Mar2025 00:47:03.248] [main/INFO] [gg.moonflower.pollen.api.resource.modifier.ResourceModifierManager/]: Loaded 0 data modifiers
[23Mar2025 00:47:08.264] [Worker-Main-6/ERROR] [net.minecraft.tags.TagCollectionReader/]: Couldn't load block tag quark:wraith_spawnable as it is missing following references: quark:soul_stone (from bygonenether-1.3.2-1.16.5.jar)
[23Mar2025 00:47:08.265] [Worker-Main-6/ERROR] [net.minecraft.tags.TagCollectionReader/]: Couldn't load block tag quark:vertical_slab as it is missing following references: bygonenether:withered_blackstone_vertical_slab (from bygonenether-1.3.2-1.16.5.jar),bygonenether:cracked_withered_blackstone_vertical_slab (from bygonenether-1.3.2-1.16.5.jar),bygonenether:warped_nether_brick_vertical_slab (from bygonenether-1.3.2-1.16.5.jar)
[23Mar2025 00:47:08.269] [Worker-Main-6/ERROR] [net.minecraft.tags.TagCollectionReader/]: Couldn't load item tag quark:vertical_slab as it is missing following references: bygonenether:withered_blackstone_vertical_slab (from bygonenether-1.3.2-1.16.5.jar),bygonenether:cracked_withered_blackstone_vertical_slab (from bygonenether-1.3.2-1.16.5.jar),bygonenether:warped_nether_brick_vertical_slab (from bygonenether-1.3.2-1.16.5.jar)
[23Mar2025 00:47:08.284] [Worker-Main-6/INFO] [com.minecraftabnormals.abnormals_core.core.AbnormalsCore/]: Loot Modification Manager has loaded 0 sets of modifiers
[23Mar2025 00:47:08.312] [Worker-Main-6/ERROR] [net.minecraft.item.crafting.RecipeManager/]: Parsing error loading recipe useless_sword:bolloom_sword_recipe
com.google.gson.JsonSyntaxException: Unknown item 'endergetic:bolloom_balloon'
	at net.minecraft.item.crafting.Ingredient.lambda$valueFromJson$11(Ingredient.java:216) ~[?:?]
	at java.util.Optional.orElseThrow(Optional.java:408) ~[?:?]
	at net.minecraft.item.crafting.Ingredient.func_199803_a(Ingredient.java:215) ~[?:?]
	at net.minecraftforge.common.crafting.VanillaIngredientSerializer.parse(VanillaIngredientSerializer.java:27) ~[forge:?]
	at net.minecraftforge.common.crafting.CraftingHelper.getIngredient(CraftingHelper.java:141) ~[forge:?]
	at net.minecraft.item.crafting.Ingredient.func_199802_a(Ingredient.java:189) ~[?:?]
	at net.minecraft.item.crafting.ShapedRecipe.func_192408_a(ShapedRecipe.java:252) ~[?:?]
	at net.minecraft.item.crafting.ShapedRecipe.access$000(ShapedRecipe.java:24) ~[?:?]
	at net.minecraft.item.crafting.ShapedRecipe$Serializer.func_199425_a_(ShapedRecipe.java:276) ~[?:?]
	at net.minecraft.item.crafting.ShapedRecipe$Serializer.func_199425_a_(ShapedRecipe.java:272) ~[?:?]
	at net.minecraft.item.crafting.RecipeManager.func_215377_a(RecipeManager.java:141) ~[?:?]
	at net.minecraft.item.crafting.RecipeManager.func_212853_a_(RecipeManager.java:61) ~[?:?]
	at net.minecraft.item.crafting.RecipeManager.func_212853_a_(RecipeManager.java:38) ~[?:?]
	at net.minecraft.client.resources.ReloadListener.func_215269_a(SourceFile:13) ~[?:?]
	at java.util.concurrent.CompletableFuture$UniAccept.tryFire(CompletableFuture.java:714) ~[?:?]
	at java.util.concurrent.CompletableFuture$Completion.run(CompletableFuture.java:478) ~[?:?]
	at net.minecraft.resources.AsyncReloader.func_219557_a(SourceFile:71) ~[?:?]
	at net.minecraft.resources.AsyncReloader.func_219560_a(SourceFile:70) ~[?:?]
	at java.util.concurrent.CompletableFuture$UniCompletion.claim(CompletableFuture.java:568) ~[?:?]
	at java.util.concurrent.CompletableFuture$UniAccept.tryFire(CompletableFuture.java:710) ~[?:?]
	at java.util.concurrent.CompletableFuture.postComplete(CompletableFuture.java:506) ~[?:?]
	at java.util.concurrent.CompletableFuture.postFire(CompletableFuture.java:610) ~[?:?]
	at java.util.concurrent.CompletableFuture$UniAccept.tryFire(CompletableFuture.java:722) ~[?:?]
	at java.util.concurrent.CompletableFuture$Completion.run(CompletableFuture.java:478) ~[?:?]
	at net.minecraft.resources.AsyncReloader.func_219557_a(SourceFile:71) ~[?:?]
	at net.minecraft.resources.AsyncReloader.func_219560_a(SourceFile:70) ~[?:?]
	at java.util.concurrent.CompletableFuture$UniCompletion.claim(CompletableFuture.java:568) ~[?:?]
	at java.util.concurrent.CompletableFuture$UniAccept.tryFire(CompletableFuture.java:710) ~[?:?]
	at java.util.concurrent.CompletableFuture.postComplete(CompletableFuture.java:506) ~[?:?]
	at java.util.concurrent.CompletableFuture.postFire(CompletableFuture.java:610) ~[?:?]
	at java.util.concurrent.CompletableFuture$UniAccept.tryFire(CompletableFuture.java:722) ~[?:?]
	at java.util.concurrent.CompletableFuture$Completion.run(CompletableFuture.java:478) ~[?:?]
	at net.minecraft.resources.AsyncReloader.func_219557_a(SourceFile:71) ~[?:?]
	at net.minecraft.resources.AsyncReloader.func_219560_a(SourceFile:70) ~[?:?]
	at java.util.concurrent.CompletableFuture$UniCompletion.claim(CompletableFuture.java:568) ~[?:?]
	at java.util.concurrent.CompletableFuture$UniAccept.tryFire(CompletableFuture.java:710) ~[?:?]
	at java.util.concurrent.CompletableFuture.postComplete(CompletableFuture.java:506) ~[?:?]
	at java.util.concurrent.CompletableFuture.postFire(CompletableFuture.java:610) ~[?:?]
	at java.util.concurrent.CompletableFuture$UniAccept.tryFire(CompletableFuture.java:722) ~[?:?]
	at java.util.concurrent.CompletableFuture$Completion.run(CompletableFuture.java:478) ~[?:?]
	at net.minecraft.resources.AsyncReloader.func_219557_a(SourceFile:71) ~[?:?]
	at net.minecraft.resources.AsyncReloader.func_219560_a(SourceFile:70) ~[?:?]
	at java.util.concurrent.CompletableFuture$UniCompletion.claim(CompletableFuture.java:568) ~[?:?]
	at java.util.concurrent.CompletableFuture$UniAccept.tryFire(CompletableFuture.java:710) ~[?:?]
	at java.util.concurrent.CompletableFuture.postComplete(CompletableFuture.java:506) ~[?:?]
	at java.util.concurrent.CompletableFuture.complete(CompletableFuture.java:2079) ~[?:?]
	at net.minecraft.resources.AsyncReloader$1.func_216873_a(SourceFile:53) ~[?:?]
	at net.minecraft.resources.AsyncReloader$1.func_216872_a(SourceFile:50) ~[?:?]
	at java.util.concurrent.CompletableFuture$UniCompose.tryFire(CompletableFuture.java:1072) [?:?]
	at java.util.concurrent.CompletableFuture.postComplete(CompletableFuture.java:506) [?:?]
	at java.util.concurrent.CompletableFuture$AsyncSupply.run(CompletableFuture.java:1705) [?:?]
	at java.util.concurrent.CompletableFuture$AsyncSupply.exec(CompletableFuture.java:1692) [?:?]
	at java.util.concurrent.ForkJoinTask.doExec(ForkJoinTask.java:290) [?:?]
	at java.util.concurrent.ForkJoinPool$WorkQueue.topLevelExec(ForkJoinPool.java:1020) [?:?]
	at java.util.concurrent.ForkJoinPool.scan(ForkJoinPool.java:1656) [?:?]
	at java.util.concurrent.ForkJoinPool.runWorker(ForkJoinPool.java:1594) [?:?]
	at java.util.concurrent.ForkJoinWorkerThread.run(ForkJoinWorkerThread.java:183) [?:?]
[23Mar2025 00:47:08.343] [Worker-Main-6/INFO] [net.minecraft.item.crafting.RecipeManager/]: Skipping loading recipe supplementaries:brass_lantern as it's serializer returned null
[23Mar2025 00:47:08.365] [Worker-Main-6/ERROR] [net.minecraft.item.crafting.RecipeManager/]: Parsing error loading recipe useless_sword:dragonbreathdiamondswordcraft2
com.google.gson.JsonSyntaxException: Unknown item 'useless_sword:dragonbreathdiamondsword'
	at net.minecraft.item.crafting.ShapedRecipe.func_222129_c(ShapedRecipe.java:262) ~[?:?]
	at java.util.Optional.orElseThrow(Optional.java:408) ~[?:?]
	at net.minecraft.item.crafting.ShapedRecipe.func_199798_a(ShapedRecipe.java:261) ~[?:?]
	at net.minecraft.item.crafting.ShapelessRecipe$Serializer.func_199425_a_(ShapelessRecipe.java:86) ~[?:?]
	at net.minecraft.item.crafting.ShapelessRecipe$Serializer.func_199425_a_(ShapelessRecipe.java:76) ~[?:?]
	at net.minecraft.item.crafting.RecipeManager.func_215377_a(RecipeManager.java:141) ~[?:?]
	at net.minecraft.item.crafting.RecipeManager.func_212853_a_(RecipeManager.java:61) ~[?:?]
	at net.minecraft.item.crafting.RecipeManager.func_212853_a_(RecipeManager.java:38) ~[?:?]
	at net.minecraft.client.resources.ReloadListener.func_215269_a(SourceFile:13) ~[?:?]
	at java.util.concurrent.CompletableFuture$UniAccept.tryFire(CompletableFuture.java:714) ~[?:?]
	at java.util.concurrent.CompletableFuture$Completion.run(CompletableFuture.java:478) ~[?:?]
	at net.minecraft.resources.AsyncReloader.func_219557_a(SourceFile:71) ~[?:?]
	at net.minecraft.resources.AsyncReloader.func_219560_a(SourceFile:70) ~[?:?]
	at java.util.concurrent.CompletableFuture$UniCompletion.claim(CompletableFuture.java:568) ~[?:?]
	at java.util.concurrent.CompletableFuture$UniAccept.tryFire(CompletableFuture.java:710) ~[?:?]
	at java.util.concurrent.CompletableFuture.postComplete(CompletableFuture.java:506) ~[?:?]
	at java.util.concurrent.CompletableFuture.postFire(CompletableFuture.java:610) ~[?:?]
	at java.util.concurrent.CompletableFuture$UniAccept.tryFire(CompletableFuture.java:722) ~[?:?]
	at java.util.concurrent.CompletableFuture$Completion.run(CompletableFuture.java:478) ~[?:?]
	at net.minecraft.resources.AsyncReloader.func_219557_a(SourceFile:71) ~[?:?]
	at net.minecraft.resources.AsyncReloader.func_219560_a(SourceFile:70) ~[?:?]
	at java.util.concurrent.CompletableFuture$UniCompletion.claim(CompletableFuture.java:568) ~[?:?]
	at java.util.concurrent.CompletableFuture$UniAccept.tryFire(CompletableFuture.java:710) ~[?:?]
	at java.util.concurrent.CompletableFuture.postComplete(CompletableFuture.java:506) ~[?:?]
	at java.util.concurrent.CompletableFuture.postFire(CompletableFuture.java:610) ~[?:?]
	at java.util.concurrent.CompletableFuture$UniAccept.tryFire(CompletableFuture.java:722) ~[?:?]
	at java.util.concurrent.CompletableFuture$Completion.run(CompletableFuture.java:478) ~[?:?]
	at net.minecraft.resources.AsyncReloader.func_219557_a(SourceFile:71) ~[?:?]
	at net.minecraft.resources.AsyncReloader.func_219560_a(SourceFile:70) ~[?:?]
	at java.util.concurrent.CompletableFuture$UniCompletion.claim(CompletableFuture.java:568) ~[?:?]
	at java.util.concurrent.CompletableFuture$UniAccept.tryFire(CompletableFuture.java:710) ~[?:?]
	at java.util.concurrent.CompletableFuture.postComplete(CompletableFuture.java:506) ~[?:?]
	at java.util.concurrent.CompletableFuture.postFire(CompletableFuture.java:610) ~[?:?]
	at java.util.concurrent.CompletableFuture$UniAccept.tryFire(CompletableFuture.java:722) ~[?:?]
	at java.util.concurrent.CompletableFuture$Completion.run(CompletableFuture.java:478) ~[?:?]
	at net.minecraft.resources.AsyncReloader.func_219557_a(SourceFile:71) ~[?:?]
	at net.minecraft.resources.AsyncReloader.func_219560_a(SourceFile:70) ~[?:?]
	at java.util.concurrent.CompletableFuture$UniCompletion.claim(CompletableFuture.java:568) ~[?:?]
	at java.util.concurrent.CompletableFuture$UniAccept.tryFire(CompletableFuture.java:710) ~[?:?]
	at java.util.concurrent.CompletableFuture.postComplete(CompletableFuture.java:506) ~[?:?]
	at java.util.concurrent.CompletableFuture.complete(CompletableFuture.java:2079) ~[?:?]
	at net.minecraft.resources.AsyncReloader$1.func_216873_a(SourceFile:53) ~[?:?]
	at net.minecraft.resources.AsyncReloader$1.func_216872_a(SourceFile:50) ~[?:?]
	at java.util.concurrent.CompletableFuture$UniCompose.tryFire(CompletableFuture.java:1072) [?:?]
	at java.util.concurrent.CompletableFuture.postComplete(CompletableFuture.java:506) [?:?]
	at java.util.concurrent.CompletableFuture$AsyncSupply.run(CompletableFuture.java:1705) [?:?]
	at java.util.concurrent.CompletableFuture$AsyncSupply.exec(CompletableFuture.java:1692) [?:?]
	at java.util.concurrent.ForkJoinTask.doExec(ForkJoinTask.java:290) [?:?]
	at java.util.concurrent.ForkJoinPool$WorkQueue.topLevelExec(ForkJoinPool.java:1020) [?:?]
	at java.util.concurrent.ForkJoinPool.scan(ForkJoinPool.java:1656) [?:?]
	at java.util.concurrent.ForkJoinPool.runWorker(ForkJoinPool.java:1594) [?:?]
	at java.util.concurrent.ForkJoinWorkerThread.run(ForkJoinWorkerThread.java:183) [?:?]
[23Mar2025 00:47:08.409] [Worker-Main-6/INFO] [net.minecraft.item.crafting.RecipeManager/]: Skipping loading recipe supplementaries:inspirations/blackboard_clear as it's serializer returned null
[23Mar2025 00:47:08.423] [Worker-Main-6/ERROR] [net.minecraft.item.crafting.RecipeManager/]: Parsing error loading recipe useless_sword:fiery_fossilizer_recipe
com.google.gson.JsonSyntaxException: Unknown item 'druidcraft:amber'
	at net.minecraft.item.crafting.Ingredient.lambda$valueFromJson$11(Ingredient.java:216) ~[?:?]
	at java.util.Optional.orElseThrow(Optional.java:408) ~[?:?]
	at net.minecraft.item.crafting.Ingredient.func_199803_a(Ingredient.java:215) ~[?:?]
	at net.minecraftforge.common.crafting.VanillaIngredientSerializer.parse(VanillaIngredientSerializer.java:27) ~[forge:?]
	at net.minecraftforge.common.crafting.CraftingHelper.getIngredient(CraftingHelper.java:141) ~[forge:?]
	at net.minecraft.item.crafting.Ingredient.func_199802_a(Ingredient.java:189) ~[?:?]
	at net.minecraft.item.crafting.ShapedRecipe.func_192408_a(ShapedRecipe.java:252) ~[?:?]
	at net.minecraft.item.crafting.ShapedRecipe.access$000(ShapedRecipe.java:24) ~[?:?]
	at net.minecraft.item.crafting.ShapedRecipe$Serializer.func_199425_a_(ShapedRecipe.java:276) ~[?:?]
	at net.minecraft.item.crafting.ShapedRecipe$Serializer.func_199425_a_(ShapedRecipe.java:272) ~[?:?]
	at net.minecraft.item.crafting.RecipeManager.func_215377_a(RecipeManager.java:141) ~[?:?]
	at net.minecraft.item.crafting.RecipeManager.func_212853_a_(RecipeManager.java:61) ~[?:?]
	at net.minecraft.item.crafting.RecipeManager.func_212853_a_(RecipeManager.java:38) ~[?:?]
	at net.minecraft.client.resources.ReloadListener.func_215269_a(SourceFile:13) ~[?:?]
	at java.util.concurrent.CompletableFuture$UniAccept.tryFire(CompletableFuture.java:714) ~[?:?]
	at java.util.concurrent.CompletableFuture$Completion.run(CompletableFuture.java:478) ~[?:?]
	at net.minecraft.resources.AsyncReloader.func_219557_a(SourceFile:71) ~[?:?]
	at net.minecraft.resources.AsyncReloader.func_219560_a(SourceFile:70) ~[?:?]
	at java.util.concurrent.CompletableFuture$UniCompletion.claim(CompletableFuture.java:568) ~[?:?]
	at java.util.concurrent.CompletableFuture$UniAccept.tryFire(CompletableFuture.java:710) ~[?:?]
	at java.util.concurrent.CompletableFuture.postComplete(CompletableFuture.java:506) ~[?:?]
	at java.util.concurrent.CompletableFuture.postFire(CompletableFuture.java:610) ~[?:?]
	at java.util.concurrent.CompletableFuture$UniAccept.tryFire(CompletableFuture.java:722) ~[?:?]
	at java.util.concurrent.CompletableFuture$Completion.run(CompletableFuture.java:478) ~[?:?]
	at net.minecraft.resources.AsyncReloader.func_219557_a(SourceFile:71) ~[?:?]
	at net.minecraft.resources.AsyncReloader.func_219560_a(SourceFile:70) ~[?:?]
	at java.util.concurrent.CompletableFuture$UniCompletion.claim(CompletableFuture.java:568) ~[?:?]
	at java.util.concurrent.CompletableFuture$UniAccept.tryFire(CompletableFuture.java:710) ~[?:?]
	at java.util.concurrent.CompletableFuture.postComplete(CompletableFuture.java:506) ~[?:?]
	at java.util.concurrent.CompletableFuture.postFire(CompletableFuture.java:610) ~[?:?]
	at java.util.concurrent.CompletableFuture$UniAccept.tryFire(CompletableFuture.java:722) ~[?:?]
	at java.util.concurrent.CompletableFuture$Completion.run(CompletableFuture.java:478) ~[?:?]
	at net.minecraft.resources.AsyncReloader.func_219557_a(SourceFile:71) ~[?:?]
	at net.minecraft.resources.AsyncReloader.func_219560_a(SourceFile:70) ~[?:?]
	at java.util.concurrent.CompletableFuture$UniCompletion.claim(CompletableFuture.java:568) ~[?:?]
	at java.util.concurrent.CompletableFuture$UniAccept.tryFire(CompletableFuture.java:710) ~[?:?]
	at java.util.concurrent.CompletableFuture.postComplete(CompletableFuture.java:506) ~[?:?]
	at java.util.concurrent.CompletableFuture.postFire(CompletableFuture.java:610) ~[?:?]
	at java.util.concurrent.CompletableFuture$UniAccept.tryFire(CompletableFuture.java:722) ~[?:?]
	at java.util.concurrent.CompletableFuture$Completion.run(CompletableFuture.java:478) ~[?:?]
	at net.minecraft.resources.AsyncReloader.func_219557_a(SourceFile:71) ~[?:?]
	at net.minecraft.resources.AsyncReloader.func_219560_a(SourceFile:70) ~[?:?]
	at java.util.concurrent.CompletableFuture$UniCompletion.claim(CompletableFuture.java:568) ~[?:?]
	at java.util.concurrent.CompletableFuture$UniAccept.tryFire(CompletableFuture.java:710) ~[?:?]
	at java.util.concurrent.CompletableFuture.postComplete(CompletableFuture.java:506) ~[?:?]
	at java.util.concurrent.CompletableFuture.complete(CompletableFuture.java:2079) ~[?:?]
	at net.minecraft.resources.AsyncReloader$1.func_216873_a(SourceFile:53) ~[?:?]
	at net.minecraft.resources.AsyncReloader$1.func_216872_a(SourceFile:50) ~[?:?]
	at java.util.concurrent.CompletableFuture$UniCompose.tryFire(CompletableFuture.java:1072) [?:?]
	at java.util.concurrent.CompletableFuture.postComplete(CompletableFuture.java:506) [?:?]
	at java.util.concurrent.CompletableFuture$AsyncSupply.run(CompletableFuture.java:1705) [?:?]
	at java.util.concurrent.CompletableFuture$AsyncSupply.exec(CompletableFuture.java:1692) [?:?]
	at java.util.concurrent.ForkJoinTask.doExec(ForkJoinTask.java:290) [?:?]
	at java.util.concurrent.ForkJoinPool$WorkQueue.topLevelExec(ForkJoinPool.java:1020) [?:?]
	at java.util.concurrent.ForkJoinPool.scan(ForkJoinPool.java:1656) [?:?]
	at java.util.concurrent.ForkJoinPool.runWorker(ForkJoinPool.java:1594) [?:?]
	at java.util.concurrent.ForkJoinWorkerThread.run(ForkJoinWorkerThread.java:183) [?:?]
[23Mar2025 00:47:08.441] [Worker-Main-6/ERROR] [net.minecraft.item.crafting.RecipeManager/]: Parsing error loading recipe useless_sword:claymore_of_the_sea_recipe
com.google.gson.JsonSyntaxException: Unknown item 'upgrade_aquatic:thrasher_tooth'
	at net.minecraft.item.crafting.Ingredient.lambda$valueFromJson$11(Ingredient.java:216) ~[?:?]
	at java.util.Optional.orElseThrow(Optional.java:408) ~[?:?]
	at net.minecraft.item.crafting.Ingredient.func_199803_a(Ingredient.java:215) ~[?:?]
	at net.minecraftforge.common.crafting.VanillaIngredientSerializer.parse(VanillaIngredientSerializer.java:27) ~[forge:?]
	at net.minecraftforge.common.crafting.CraftingHelper.getIngredient(CraftingHelper.java:141) ~[forge:?]
	at net.minecraft.item.crafting.Ingredient.func_199802_a(Ingredient.java:189) ~[?:?]
	at net.minecraft.item.crafting.ShapedRecipe.func_192408_a(ShapedRecipe.java:252) ~[?:?]
	at net.minecraft.item.crafting.ShapedRecipe.access$000(ShapedRecipe.java:24) ~[?:?]
	at net.minecraft.item.crafting.ShapedRecipe$Serializer.func_199425_a_(ShapedRecipe.java:276) ~[?:?]
	at net.minecraft.item.crafting.ShapedRecipe$Serializer.func_199425_a_(ShapedRecipe.java:272) ~[?:?]
	at net.minecraft.item.crafting.RecipeManager.func_215377_a(RecipeManager.java:141) ~[?:?]
	at net.minecraft.item.crafting.RecipeManager.func_212853_a_(RecipeManager.java:61) ~[?:?]
	at net.minecraft.item.crafting.RecipeManager.func_212853_a_(RecipeManager.java:38) ~[?:?]
	at net.minecraft.client.resources.ReloadListener.func_215269_a(SourceFile:13) ~[?:?]
	at java.util.concurrent.CompletableFuture$UniAccept.tryFire(CompletableFuture.java:714) ~[?:?]
	at java.util.concurrent.CompletableFuture$Completion.run(CompletableFuture.java:478) ~[?:?]
	at net.minecraft.resources.AsyncReloader.func_219557_a(SourceFile:71) ~[?:?]
	at net.minecraft.resources.AsyncReloader.func_219560_a(SourceFile:70) ~[?:?]
	at java.util.concurrent.CompletableFuture$UniCompletion.claim(CompletableFuture.java:568) ~[?:?]
	at java.util.concurrent.CompletableFuture$UniAccept.tryFire(CompletableFuture.java:710) ~[?:?]
	at java.util.concurrent.CompletableFuture.postComplete(CompletableFuture.java:506) ~[?:?]
	at java.util.concurrent.CompletableFuture.postFire(CompletableFuture.java:610) ~[?:?]
	at java.util.concurrent.CompletableFuture$UniAccept.tryFire(CompletableFuture.java:722) ~[?:?]
	at java.util.concurrent.CompletableFuture$Completion.run(CompletableFuture.java:478) ~[?:?]
	at net.minecraft.resources.AsyncReloader.func_219557_a(SourceFile:71) ~[?:?]
	at net.minecraft.resources.AsyncReloader.func_219560_a(SourceFile:70) ~[?:?]
	at java.util.concurrent.CompletableFuture$UniCompletion.claim(CompletableFuture.java:568) ~[?:?]
	at java.util.concurrent.CompletableFuture$UniAccept.tryFire(CompletableFuture.java:710) ~[?:?]
	at java.util.concurrent.CompletableFuture.postComplete(CompletableFuture.java:506) ~[?:?]
	at java.util.concurrent.CompletableFuture.postFire(CompletableFuture.java:610) ~[?:?]
	at java.util.concurrent.CompletableFuture$UniAccept.tryFire(CompletableFuture.java:722) ~[?:?]
	at java.util.concurrent.CompletableFuture$Completion.run(CompletableFuture.java:478) ~[?:?]
	at net.minecraft.resources.AsyncReloader.func_219557_a(SourceFile:71) ~[?:?]
	at net.minecraft.resources.AsyncReloader.func_219560_a(SourceFile:70) ~[?:?]
	at java.util.concurrent.CompletableFuture$UniCompletion.claim(CompletableFuture.java:568) ~[?:?]
	at java.util.concurrent.CompletableFuture$UniAccept.tryFire(CompletableFuture.java:710) ~[?:?]
	at java.util.concurrent.CompletableFuture.postComplete(CompletableFuture.java:506) ~[?:?]
	at java.util.concurrent.CompletableFuture.postFire(CompletableFuture.java:610) ~[?:?]
	at java.util.concurrent.CompletableFuture$UniAccept.tryFire(CompletableFuture.java:722) ~[?:?]
	at java.util.concurrent.CompletableFuture$Completion.run(CompletableFuture.java:478) ~[?:?]
	at net.minecraft.resources.AsyncReloader.func_219557_a(SourceFile:71) ~[?:?]
	at net.minecraft.resources.AsyncReloader.func_219560_a(SourceFile:70) ~[?:?]
	at java.util.concurrent.CompletableFuture$UniCompletion.claim(CompletableFuture.java:568) ~[?:?]
	at java.util.concurrent.CompletableFuture$UniAccept.tryFire(CompletableFuture.java:710) ~[?:?]
	at java.util.concurrent.CompletableFuture.postComplete(CompletableFuture.java:506) ~[?:?]
	at java.util.concurrent.CompletableFuture.complete(CompletableFuture.java:2079) ~[?:?]
	at net.minecraft.resources.AsyncReloader$1.func_216873_a(SourceFile:53) ~[?:?]
	at net.minecraft.resources.AsyncReloader$1.func_216872_a(SourceFile:50) ~[?:?]
	at java.util.concurrent.CompletableFuture$UniCompose.tryFire(CompletableFuture.java:1072) [?:?]
	at java.util.concurrent.CompletableFuture.postComplete(CompletableFuture.java:506) [?:?]
	at java.util.concurrent.CompletableFuture$AsyncSupply.run(CompletableFuture.java:1705) [?:?]
	at java.util.concurrent.CompletableFuture$AsyncSupply.exec(CompletableFuture.java:1692) [?:?]
	at java.util.concurrent.ForkJoinTask.doExec(ForkJoinTask.java:290) [?:?]
	at java.util.concurrent.ForkJoinPool$WorkQueue.topLevelExec(ForkJoinPool.java:1020) [?:?]
	at java.util.concurrent.ForkJoinPool.scan(ForkJoinPool.java:1656) [?:?]
	at java.util.concurrent.ForkJoinPool.runWorker(ForkJoinPool.java:1594) [?:?]
	at java.util.concurrent.ForkJoinWorkerThread.run(ForkJoinWorkerThread.java:183) [?:?]
[23Mar2025 00:47:08.448] [Worker-Main-6/INFO] [net.minecraft.item.crafting.RecipeManager/]: Skipping loading recipe supplementaries:blackstone_tile_vertical_slab as it's serializer returned null
[23Mar2025 00:47:08.458] [Worker-Main-6/INFO] [net.minecraft.item.crafting.RecipeManager/]: Skipping loading recipe supplementaries:deepslate_lamp as it's serializer returned null
[23Mar2025 00:47:08.464] [Worker-Main-6/ERROR] [net.minecraft.item.crafting.RecipeManager/]: Parsing error loading recipe useless_sword:life_draining_sword_recipe
com.google.gson.JsonSyntaxException: Unknown item 'twilightforest:carminite'
	at net.minecraft.item.crafting.Ingredient.lambda$valueFromJson$11(Ingredient.java:216) ~[?:?]
	at java.util.Optional.orElseThrow(Optional.java:408) ~[?:?]
	at net.minecraft.item.crafting.Ingredient.func_199803_a(Ingredient.java:215) ~[?:?]
	at net.minecraftforge.common.crafting.VanillaIngredientSerializer.parse(VanillaIngredientSerializer.java:27) ~[forge:?]
	at net.minecraftforge.common.crafting.CraftingHelper.getIngredient(CraftingHelper.java:141) ~[forge:?]
	at net.minecraft.item.crafting.Ingredient.func_199802_a(Ingredient.java:189) ~[?:?]
	at net.minecraft.item.crafting.ShapedRecipe.func_192408_a(ShapedRecipe.java:252) ~[?:?]
	at net.minecraft.item.crafting.ShapedRecipe.access$000(ShapedRecipe.java:24) ~[?:?]
	at net.minecraft.item.crafting.ShapedRecipe$Serializer.func_199425_a_(ShapedRecipe.java:276) ~[?:?]
	at net.minecraft.item.crafting.ShapedRecipe$Serializer.func_199425_a_(ShapedRecipe.java:272) ~[?:?]
	at net.minecraft.item.crafting.RecipeManager.func_215377_a(RecipeManager.java:141) ~[?:?]
	at net.minecraft.item.crafting.RecipeManager.func_212853_a_(RecipeManager.java:61) ~[?:?]
	at net.minecraft.item.crafting.RecipeManager.func_212853_a_(RecipeManager.java:38) ~[?:?]
	at net.minecraft.client.resources.ReloadListener.func_215269_a(SourceFile:13) ~[?:?]
	at java.util.concurrent.CompletableFuture$UniAccept.tryFire(CompletableFuture.java:714) ~[?:?]
	at java.util.concurrent.CompletableFuture$Completion.run(CompletableFuture.java:478) ~[?:?]
	at net.minecraft.resources.AsyncReloader.func_219557_a(SourceFile:71) ~[?:?]
	at net.minecraft.resources.AsyncReloader.func_219560_a(SourceFile:70) ~[?:?]
	at java.util.concurrent.CompletableFuture$UniCompletion.claim(CompletableFuture.java:568) ~[?:?]
	at java.util.concurrent.CompletableFuture$UniAccept.tryFire(CompletableFuture.java:710) ~[?:?]
	at java.util.concurrent.CompletableFuture.postComplete(CompletableFuture.java:506) ~[?:?]
	at java.util.concurrent.CompletableFuture.postFire(CompletableFuture.java:610) ~[?:?]
	at java.util.concurrent.CompletableFuture$UniAccept.tryFire(CompletableFuture.java:722) ~[?:?]
	at java.util.concurrent.CompletableFuture$Completion.run(CompletableFuture.java:478) ~[?:?]
	at net.minecraft.resources.AsyncReloader.func_219557_a(SourceFile:71) ~[?:?]
	at net.minecraft.resources.AsyncReloader.func_219560_a(SourceFile:70) ~[?:?]
	at java.util.concurrent.CompletableFuture$UniCompletion.claim(CompletableFuture.java:568) ~[?:?]
	at java.util.concurrent.CompletableFuture$UniAccept.tryFire(CompletableFuture.java:710) ~[?:?]
	at java.util.concurrent.CompletableFuture.postComplete(CompletableFuture.java:506) ~[?:?]
	at java.util.concurrent.CompletableFuture.postFire(CompletableFuture.java:610) ~[?:?]
	at java.util.concurrent.CompletableFuture$UniAccept.tryFire(CompletableFuture.java:722) ~[?:?]
	at java.util.concurrent.CompletableFuture$Completion.run(CompletableFuture.java:478) ~[?:?]
	at net.minecraft.resources.AsyncReloader.func_219557_a(SourceFile:71) ~[?:?]
	at net.minecraft.resources.AsyncReloader.func_219560_a(SourceFile:70) ~[?:?]
	at java.util.concurrent.CompletableFuture$UniCompletion.claim(CompletableFuture.java:568) ~[?:?]
	at java.util.concurrent.CompletableFuture$UniAccept.tryFire(CompletableFuture.java:710) ~[?:?]
	at java.util.concurrent.CompletableFuture.postComplete(CompletableFuture.java:506) ~[?:?]
	at java.util.concurrent.CompletableFuture.postFire(CompletableFuture.java:610) ~[?:?]
	at java.util.concurrent.CompletableFuture$UniAccept.tryFire(CompletableFuture.java:722) ~[?:?]
	at java.util.concurrent.CompletableFuture$Completion.run(CompletableFuture.java:478) ~[?:?]
	at net.minecraft.resources.AsyncReloader.func_219557_a(SourceFile:71) ~[?:?]
	at net.minecraft.resources.AsyncReloader.func_219560_a(SourceFile:70) ~[?:?]
	at java.util.concurrent.CompletableFuture$UniCompletion.claim(CompletableFuture.java:568) ~[?:?]
	at java.util.concurrent.CompletableFuture$UniAccept.tryFire(CompletableFuture.java:710) ~[?:?]
	at java.util.concurrent.CompletableFuture.postComplete(CompletableFuture.java:506) ~[?:?]
	at java.util.concurrent.CompletableFuture.complete(CompletableFuture.java:2079) ~[?:?]
	at net.minecraft.resources.AsyncReloader$1.func_216873_a(SourceFile:53) ~[?:?]
	at net.minecraft.resources.AsyncReloader$1.func_216872_a(SourceFile:50) ~[?:?]
	at java.util.concurrent.CompletableFuture$UniCompose.tryFire(CompletableFuture.java:1072) [?:?]
	at java.util.concurrent.CompletableFuture.postComplete(CompletableFuture.java:506) [?:?]
	at java.util.concurrent.CompletableFuture$AsyncSupply.run(CompletableFuture.java:1705) [?:?]
	at java.util.concurrent.CompletableFuture$AsyncSupply.exec(CompletableFuture.java:1692) [?:?]
	at java.util.concurrent.ForkJoinTask.doExec(ForkJoinTask.java:290) [?:?]
	at java.util.concurrent.ForkJoinPool$WorkQueue.topLevelExec(ForkJoinPool.java:1020) [?:?]
	at java.util.concurrent.ForkJoinPool.scan(ForkJoinPool.java:1656) [?:?]
	at java.util.concurrent.ForkJoinPool.runWorker(ForkJoinPool.java:1594) [?:?]
	at java.util.concurrent.ForkJoinWorkerThread.run(ForkJoinWorkerThread.java:183) [?:?]
[23Mar2025 00:47:08.473] [Worker-Main-6/INFO] [net.minecraft.item.crafting.RecipeManager/]: Skipping loading recipe supplementaries:inspirations/flag_dye as it's serializer returned null
[23Mar2025 00:47:08.478] [Worker-Main-6/ERROR] [net.minecraft.item.crafting.RecipeManager/]: Parsing error loading recipe useless_sword:gloomy_shredder_recipe
com.google.gson.JsonSyntaxException: Unknown item 'savageandravage:gloomy_tiles'
	at net.minecraft.item.crafting.Ingredient.lambda$valueFromJson$11(Ingredient.java:216) ~[?:?]
	at java.util.Optional.orElseThrow(Optional.java:408) ~[?:?]
	at net.minecraft.item.crafting.Ingredient.func_199803_a(Ingredient.java:215) ~[?:?]
	at net.minecraftforge.common.crafting.VanillaIngredientSerializer.parse(VanillaIngredientSerializer.java:27) ~[forge:?]
	at net.minecraftforge.common.crafting.CraftingHelper.getIngredient(CraftingHelper.java:141) ~[forge:?]
	at net.minecraft.item.crafting.Ingredient.func_199802_a(Ingredient.java:189) ~[?:?]
	at net.minecraft.item.crafting.ShapedRecipe.func_192408_a(ShapedRecipe.java:252) ~[?:?]
	at net.minecraft.item.crafting.ShapedRecipe.access$000(ShapedRecipe.java:24) ~[?:?]
	at net.minecraft.item.crafting.ShapedRecipe$Serializer.func_199425_a_(ShapedRecipe.java:276) ~[?:?]
	at net.minecraft.item.crafting.ShapedRecipe$Serializer.func_199425_a_(ShapedRecipe.java:272) ~[?:?]
	at net.minecraft.item.crafting.RecipeManager.func_215377_a(RecipeManager.java:141) ~[?:?]
	at net.minecraft.item.crafting.RecipeManager.func_212853_a_(RecipeManager.java:61) ~[?:?]
	at net.minecraft.item.crafting.RecipeManager.func_212853_a_(RecipeManager.java:38) ~[?:?]
	at net.minecraft.client.resources.ReloadListener.func_215269_a(SourceFile:13) ~[?:?]
	at java.util.concurrent.CompletableFuture$UniAccept.tryFire(CompletableFuture.java:714) ~[?:?]
	at java.util.concurrent.CompletableFuture$Completion.run(CompletableFuture.java:478) ~[?:?]
	at net.minecraft.resources.AsyncReloader.func_219557_a(SourceFile:71) ~[?:?]
	at net.minecraft.resources.AsyncReloader.func_219560_a(SourceFile:70) ~[?:?]
	at java.util.concurrent.CompletableFuture$UniCompletion.claim(CompletableFuture.java:568) ~[?:?]
	at java.util.concurrent.CompletableFuture$UniAccept.tryFire(CompletableFuture.java:710) ~[?:?]
	at java.util.concurrent.CompletableFuture.postComplete(CompletableFuture.java:506) ~[?:?]
	at java.util.concurrent.CompletableFuture.postFire(CompletableFuture.java:610) ~[?:?]
	at java.util.concurrent.CompletableFuture$UniAccept.tryFire(CompletableFuture.java:722) ~[?:?]
	at java.util.concurrent.CompletableFuture$Completion.run(CompletableFuture.java:478) ~[?:?]
	at net.minecraft.resources.AsyncReloader.func_219557_a(SourceFile:71) ~[?:?]
	at net.minecraft.resources.AsyncReloader.func_219560_a(SourceFile:70) ~[?:?]
	at java.util.concurrent.CompletableFuture$UniCompletion.claim(CompletableFuture.java:568) ~[?:?]
	at java.util.concurrent.CompletableFuture$UniAccept.tryFire(CompletableFuture.java:710) ~[?:?]
	at java.util.concurrent.CompletableFuture.postComplete(CompletableFuture.java:506) ~[?:?]
	at java.util.concurrent.CompletableFuture.postFire(CompletableFuture.java:610) ~[?:?]
	at java.util.concurrent.CompletableFuture$UniAccept.tryFire(CompletableFuture.java:722) ~[?:?]
	at java.util.concurrent.CompletableFuture$Completion.run(CompletableFuture.java:478) ~[?:?]
	at net.minecraft.resources.AsyncReloader.func_219557_a(SourceFile:71) ~[?:?]
	at net.minecraft.resources.AsyncReloader.func_219560_a(SourceFile:70) ~[?:?]
	at java.util.concurrent.CompletableFuture$UniCompletion.claim(CompletableFuture.java:568) ~[?:?]
	at java.util.concurrent.CompletableFuture$UniAccept.tryFire(CompletableFuture.java:710) ~[?:?]
	at java.util.concurrent.CompletableFuture.postComplete(CompletableFuture.java:506) ~[?:?]
	at java.util.concurrent.CompletableFuture.postFire(CompletableFuture.java:610) ~[?:?]
	at java.util.concurrent.CompletableFuture$UniAccept.tryFire(CompletableFuture.java:722) ~[?:?]
	at java.util.concurrent.CompletableFuture$Completion.run(CompletableFuture.java:478) ~[?:?]
	at net.minecraft.resources.AsyncReloader.func_219557_a(SourceFile:71) ~[?:?]
	at net.minecraft.resources.AsyncReloader.func_219560_a(SourceFile:70) ~[?:?]
	at java.util.concurrent.CompletableFuture$UniCompletion.claim(CompletableFuture.java:568) ~[?:?]
	at java.util.concurrent.CompletableFuture$UniAccept.tryFire(CompletableFuture.java:710) ~[?:?]
	at java.util.concurrent.CompletableFuture.postComplete(CompletableFuture.java:506) ~[?:?]
	at java.util.concurrent.CompletableFuture.complete(CompletableFuture.java:2079) ~[?:?]
	at net.minecraft.resources.AsyncReloader$1.func_216873_a(SourceFile:53) ~[?:?]
	at net.minecraft.resources.AsyncReloader$1.func_216872_a(SourceFile:50) ~[?:?]
	at java.util.concurrent.CompletableFuture$UniCompose.tryFire(CompletableFuture.java:1072) [?:?]
	at java.util.concurrent.CompletableFuture.postComplete(CompletableFuture.java:506) [?:?]
	at java.util.concurrent.CompletableFuture$AsyncSupply.run(CompletableFuture.java:1705) [?:?]
	at java.util.concurrent.CompletableFuture$AsyncSupply.exec(CompletableFuture.java:1692) [?:?]
	at java.util.concurrent.ForkJoinTask.doExec(ForkJoinTask.java:290) [?:?]
	at java.util.concurrent.ForkJoinPool$WorkQueue.topLevelExec(ForkJoinPool.java:1020) [?:?]
	at java.util.concurrent.ForkJoinPool.scan(ForkJoinPool.java:1656) [?:?]
	at java.util.concurrent.ForkJoinPool.runWorker(ForkJoinPool.java:1594) [?:?]
	at java.util.concurrent.ForkJoinWorkerThread.run(ForkJoinWorkerThread.java:183) [?:?]
[23Mar2025 00:47:08.483] [Worker-Main-6/ERROR] [net.minecraft.item.crafting.RecipeManager/]: Parsing error loading recipe useless_sword:refined_radiance_glaive_recipe
com.google.gson.JsonSyntaxException: Unknown item 'create:refined_radiance'
	at net.minecraft.item.crafting.Ingredient.lambda$valueFromJson$11(Ingredient.java:216) ~[?:?]
	at java.util.Optional.orElseThrow(Optional.java:408) ~[?:?]
	at net.minecraft.item.crafting.Ingredient.func_199803_a(Ingredient.java:215) ~[?:?]
	at net.minecraftforge.common.crafting.VanillaIngredientSerializer.parse(VanillaIngredientSerializer.java:27) ~[forge:?]
	at net.minecraftforge.common.crafting.CraftingHelper.getIngredient(CraftingHelper.java:141) ~[forge:?]
	at net.minecraft.item.crafting.Ingredient.func_199802_a(Ingredient.java:189) ~[?:?]
	at net.minecraft.item.crafting.ShapedRecipe.func_192408_a(ShapedRecipe.java:252) ~[?:?]
	at net.minecraft.item.crafting.ShapedRecipe.access$000(ShapedRecipe.java:24) ~[?:?]
	at net.minecraft.item.crafting.ShapedRecipe$Serializer.func_199425_a_(ShapedRecipe.java:276) ~[?:?]
	at net.minecraft.item.crafting.ShapedRecipe$Serializer.func_199425_a_(ShapedRecipe.java:272) ~[?:?]
	at net.minecraft.item.crafting.RecipeManager.func_215377_a(RecipeManager.java:141) ~[?:?]
	at net.minecraft.item.crafting.RecipeManager.func_212853_a_(RecipeManager.java:61) ~[?:?]
	at net.minecraft.item.crafting.RecipeManager.func_212853_a_(RecipeManager.java:38) ~[?:?]
	at net.minecraft.client.resources.ReloadListener.func_215269_a(SourceFile:13) ~[?:?]
	at java.util.concurrent.CompletableFuture$UniAccept.tryFire(CompletableFuture.java:714) ~[?:?]
	at java.util.concurrent.CompletableFuture$Completion.run(CompletableFuture.java:478) ~[?:?]
	at net.minecraft.resources.AsyncReloader.func_219557_a(SourceFile:71) ~[?:?]
	at net.minecraft.resources.AsyncReloader.func_219560_a(SourceFile:70) ~[?:?]
	at java.util.concurrent.CompletableFuture$UniCompletion.claim(CompletableFuture.java:568) ~[?:?]
	at java.util.concurrent.CompletableFuture$UniAccept.tryFire(CompletableFuture.java:710) ~[?:?]
	at java.util.concurrent.CompletableFuture.postComplete(CompletableFuture.java:506) ~[?:?]
	at java.util.concurrent.CompletableFuture.postFire(CompletableFuture.java:610) ~[?:?]
	at java.util.concurrent.CompletableFuture$UniAccept.tryFire(CompletableFuture.java:722) ~[?:?]
	at java.util.concurrent.CompletableFuture$Completion.run(CompletableFuture.java:478) ~[?:?]
	at net.minecraft.resources.AsyncReloader.func_219557_a(SourceFile:71) ~[?:?]
	at net.minecraft.resources.AsyncReloader.func_219560_a(SourceFile:70) ~[?:?]
	at java.util.concurrent.CompletableFuture$UniCompletion.claim(CompletableFuture.java:568) ~[?:?]
	at java.util.concurrent.CompletableFuture$UniAccept.tryFire(CompletableFuture.java:710) ~[?:?]
	at java.util.concurrent.CompletableFuture.postComplete(CompletableFuture.java:506) ~[?:?]
	at java.util.concurrent.CompletableFuture.postFire(CompletableFuture.java:610) ~[?:?]
	at java.util.concurrent.CompletableFuture$UniAccept.tryFire(CompletableFuture.java:722) ~[?:?]
	at java.util.concurrent.CompletableFuture$Completion.run(CompletableFuture.java:478) ~[?:?]
	at net.minecraft.resources.AsyncReloader.func_219557_a(SourceFile:71) ~[?:?]
	at net.minecraft.resources.AsyncReloader.func_219560_a(SourceFile:70) ~[?:?]
	at java.util.concurrent.CompletableFuture$UniCompletion.claim(CompletableFuture.java:568) ~[?:?]
	at java.util.concurrent.CompletableFuture$UniAccept.tryFire(CompletableFuture.java:710) ~[?:?]
	at java.util.concurrent.CompletableFuture.postComplete(CompletableFuture.java:506) ~[?:?]
	at java.util.concurrent.CompletableFuture.postFire(CompletableFuture.java:610) ~[?:?]
	at java.util.concurrent.CompletableFuture$UniAccept.tryFire(CompletableFuture.java:722) ~[?:?]
	at java.util.concurrent.CompletableFuture$Completion.run(CompletableFuture.java:478) ~[?:?]
	at net.minecraft.resources.AsyncReloader.func_219557_a(SourceFile:71) ~[?:?]
	at net.minecraft.resources.AsyncReloader.func_219560_a(SourceFile:70) ~[?:?]
	at java.util.concurrent.CompletableFuture$UniCompletion.claim(CompletableFuture.java:568) ~[?:?]
	at java.util.concurrent.CompletableFuture$UniAccept.tryFire(CompletableFuture.java:710) ~[?:?]
	at java.util.concurrent.CompletableFuture.postComplete(CompletableFuture.java:506) ~[?:?]
	at java.util.concurrent.CompletableFuture.complete(CompletableFuture.java:2079) ~[?:?]
	at net.minecraft.resources.AsyncReloader$1.func_216873_a(SourceFile:53) ~[?:?]
	at net.minecraft.resources.AsyncReloader$1.func_216872_a(SourceFile:50) ~[?:?]
	at java.util.concurrent.CompletableFuture$UniCompose.tryFire(CompletableFuture.java:1072) [?:?]
	at java.util.concurrent.CompletableFuture.postComplete(CompletableFuture.java:506) [?:?]
	at java.util.concurrent.CompletableFuture$AsyncSupply.run(CompletableFuture.java:1705) [?:?]
	at java.util.concurrent.CompletableFuture$AsyncSupply.exec(CompletableFuture.java:1692) [?:?]
	at java.util.concurrent.ForkJoinTask.doExec(ForkJoinTask.java:290) [?:?]
	at java.util.concurrent.ForkJoinPool$WorkQueue.topLevelExec(ForkJoinPool.java:1020) [?:?]
	at java.util.concurrent.ForkJoinPool.scan(ForkJoinPool.java:1656) [?:?]
	at java.util.concurrent.ForkJoinPool.runWorker(ForkJoinPool.java:1594) [?:?]
	at java.util.concurrent.ForkJoinWorkerThread.run(ForkJoinWorkerThread.java:183) [?:?]
[23Mar2025 00:47:08.500] [Worker-Main-6/ERROR] [net.minecraft.item.crafting.RecipeManager/]: Parsing error loading recipe useless_sword:naga_slicer_recipe
com.google.gson.JsonSyntaxException: Unknown item 'twilightforest:naga_scale'
	at net.minecraft.item.crafting.Ingredient.lambda$valueFromJson$11(Ingredient.java:216) ~[?:?]
	at java.util.Optional.orElseThrow(Optional.java:408) ~[?:?]
	at net.minecraft.item.crafting.Ingredient.func_199803_a(Ingredient.java:215) ~[?:?]
	at net.minecraftforge.common.crafting.VanillaIngredientSerializer.parse(VanillaIngredientSerializer.java:27) ~[forge:?]
	at net.minecraftforge.common.crafting.CraftingHelper.getIngredient(CraftingHelper.java:141) ~[forge:?]
	at net.minecraft.item.crafting.Ingredient.func_199802_a(Ingredient.java:189) ~[?:?]
	at net.minecraft.item.crafting.ShapedRecipe.func_192408_a(ShapedRecipe.java:252) ~[?:?]
	at net.minecraft.item.crafting.ShapedRecipe.access$000(ShapedRecipe.java:24) ~[?:?]
	at net.minecraft.item.crafting.ShapedRecipe$Serializer.func_199425_a_(ShapedRecipe.java:276) ~[?:?]
	at net.minecraft.item.crafting.ShapedRecipe$Serializer.func_199425_a_(ShapedRecipe.java:272) ~[?:?]
	at net.minecraft.item.crafting.RecipeManager.func_215377_a(RecipeManager.java:141) ~[?:?]
	at net.minecraft.item.crafting.RecipeManager.func_212853_a_(RecipeManager.java:61) ~[?:?]
	at net.minecraft.item.crafting.RecipeManager.func_212853_a_(RecipeManager.java:38) ~[?:?]
	at net.minecraft.client.resources.ReloadListener.func_215269_a(SourceFile:13) ~[?:?]
	at java.util.concurrent.CompletableFuture$UniAccept.tryFire(CompletableFuture.java:714) ~[?:?]
	at java.util.concurrent.CompletableFuture$Completion.run(CompletableFuture.java:478) ~[?:?]
	at net.minecraft.resources.AsyncReloader.func_219557_a(SourceFile:71) ~[?:?]
	at net.minecraft.resources.AsyncReloader.func_219560_a(SourceFile:70) ~[?:?]
	at java.util.concurrent.CompletableFuture$UniCompletion.claim(CompletableFuture.java:568) ~[?:?]
	at java.util.concurrent.CompletableFuture$UniAccept.tryFire(CompletableFuture.java:710) ~[?:?]
	at java.util.concurrent.CompletableFuture.postComplete(CompletableFuture.java:506) ~[?:?]
	at java.util.concurrent.CompletableFuture.postFire(CompletableFuture.java:610) ~[?:?]
	at java.util.concurrent.CompletableFuture$UniAccept.tryFire(CompletableFuture.java:722) ~[?:?]
	at java.util.concurrent.CompletableFuture$Completion.run(CompletableFuture.java:478) ~[?:?]
	at net.minecraft.resources.AsyncReloader.func_219557_a(SourceFile:71) ~[?:?]
	at net.minecraft.resources.AsyncReloader.func_219560_a(SourceFile:70) ~[?:?]
	at java.util.concurrent.CompletableFuture$UniCompletion.claim(CompletableFuture.java:568) ~[?:?]
	at java.util.concurrent.CompletableFuture$UniAccept.tryFire(CompletableFuture.java:710) ~[?:?]
	at java.util.concurrent.CompletableFuture.postComplete(CompletableFuture.java:506) ~[?:?]
	at java.util.concurrent.CompletableFuture.postFire(CompletableFuture.java:610) ~[?:?]
	at java.util.concurrent.CompletableFuture$UniAccept.tryFire(CompletableFuture.java:722) ~[?:?]
	at java.util.concurrent.CompletableFuture$Completion.run(CompletableFuture.java:478) ~[?:?]
	at net.minecraft.resources.AsyncReloader.func_219557_a(SourceFile:71) ~[?:?]
	at net.minecraft.resources.AsyncReloader.func_219560_a(SourceFile:70) ~[?:?]
	at java.util.concurrent.CompletableFuture$UniCompletion.claim(CompletableFuture.java:568) ~[?:?]
	at java.util.concurrent.CompletableFuture$UniAccept.tryFire(CompletableFuture.java:710) ~[?:?]
	at java.util.concurrent.CompletableFuture.postComplete(CompletableFuture.java:506) ~[?:?]
	at java.util.concurrent.CompletableFuture.postFire(CompletableFuture.java:610) ~[?:?]
	at java.util.concurrent.CompletableFuture$UniAccept.tryFire(CompletableFuture.java:722) ~[?:?]
	at java.util.concurrent.CompletableFuture$Completion.run(CompletableFuture.java:478) ~[?:?]
	at net.minecraft.resources.AsyncReloader.func_219557_a(SourceFile:71) ~[?:?]
	at net.minecraft.resources.AsyncReloader.func_219560_a(SourceFile:70) ~[?:?]
	at java.util.concurrent.CompletableFuture$UniCompletion.claim(CompletableFuture.java:568) ~[?:?]
	at java.util.concurrent.CompletableFuture$UniAccept.tryFire(CompletableFuture.java:710) ~[?:?]
	at java.util.concurrent.CompletableFuture.postComplete(CompletableFuture.java:506) ~[?:?]
	at java.util.concurrent.CompletableFuture.complete(CompletableFuture.java:2079) ~[?:?]
	at net.minecraft.resources.AsyncReloader$1.func_216873_a(SourceFile:53) ~[?:?]
	at net.minecraft.resources.AsyncReloader$1.func_216872_a(SourceFile:50) ~[?:?]
	at java.util.concurrent.CompletableFuture$UniCompose.tryFire(CompletableFuture.java:1072) [?:?]
	at java.util.concurrent.CompletableFuture.postComplete(CompletableFuture.java:506) [?:?]
	at java.util.concurrent.CompletableFuture$AsyncSupply.run(CompletableFuture.java:1705) [?:?]
	at java.util.concurrent.CompletableFuture$AsyncSupply.exec(CompletableFuture.java:1692) [?:?]
	at java.util.concurrent.ForkJoinTask.doExec(ForkJoinTask.java:290) [?:?]
	at java.util.concurrent.ForkJoinPool$WorkQueue.topLevelExec(ForkJoinPool.java:1020) [?:?]
	at java.util.concurrent.ForkJoinPool.scan(ForkJoinPool.java:1656) [?:?]
	at java.util.concurrent.ForkJoinPool.runWorker(ForkJoinPool.java:1594) [?:?]
	at java.util.concurrent.ForkJoinWorkerThread.run(ForkJoinWorkerThread.java:183) [?:?]
[23Mar2025 00:47:08.502] [Worker-Main-6/ERROR] [net.minecraft.item.crafting.RecipeManager/]: Parsing error loading recipe useless_sword:venomous_slapper_recipe
com.google.gson.JsonSyntaxException: Unknown item 'upgrade_aquatic:lionfish'
	at net.minecraft.item.crafting.Ingredient.lambda$valueFromJson$11(Ingredient.java:216) ~[?:?]
	at java.util.Optional.orElseThrow(Optional.java:408) ~[?:?]
	at net.minecraft.item.crafting.Ingredient.func_199803_a(Ingredient.java:215) ~[?:?]
	at net.minecraftforge.common.crafting.VanillaIngredientSerializer.parse(VanillaIngredientSerializer.java:27) ~[forge:?]
	at net.minecraftforge.common.crafting.CraftingHelper.getIngredient(CraftingHelper.java:141) ~[forge:?]
	at net.minecraft.item.crafting.Ingredient.func_199802_a(Ingredient.java:189) ~[?:?]
	at net.minecraft.item.crafting.ShapedRecipe.func_192408_a(ShapedRecipe.java:252) ~[?:?]
	at net.minecraft.item.crafting.ShapedRecipe.access$000(ShapedRecipe.java:24) ~[?:?]
	at net.minecraft.item.crafting.ShapedRecipe$Serializer.func_199425_a_(ShapedRecipe.java:276) ~[?:?]
	at net.minecraft.item.crafting.ShapedRecipe$Serializer.func_199425_a_(ShapedRecipe.java:272) ~[?:?]
	at net.minecraft.item.crafting.RecipeManager.func_215377_a(RecipeManager.java:141) ~[?:?]
	at net.minecraft.item.crafting.RecipeManager.func_212853_a_(RecipeManager.java:61) ~[?:?]
	at net.minecraft.item.crafting.RecipeManager.func_212853_a_(RecipeManager.java:38) ~[?:?]
	at net.minecraft.client.resources.ReloadListener.func_215269_a(SourceFile:13) ~[?:?]
	at java.util.concurrent.CompletableFuture$UniAccept.tryFire(CompletableFuture.java:714) ~[?:?]
	at java.util.concurrent.CompletableFuture$Completion.run(CompletableFuture.java:478) ~[?:?]
	at net.minecraft.resources.AsyncReloader.func_219557_a(SourceFile:71) ~[?:?]
	at net.minecraft.resources.AsyncReloader.func_219560_a(SourceFile:70) ~[?:?]
	at java.util.concurrent.CompletableFuture$UniCompletion.claim(CompletableFuture.java:568) ~[?:?]
	at java.util.concurrent.CompletableFuture$UniAccept.tryFire(CompletableFuture.java:710) ~[?:?]
	at java.util.concurrent.CompletableFuture.postComplete(CompletableFuture.java:506) ~[?:?]
	at java.util.concurrent.CompletableFuture.postFire(CompletableFuture.java:610) ~[?:?]
	at java.util.concurrent.CompletableFuture$UniAccept.tryFire(CompletableFuture.java:722) ~[?:?]
	at java.util.concurrent.CompletableFuture$Completion.run(CompletableFuture.java:478) ~[?:?]
	at net.minecraft.resources.AsyncReloader.func_219557_a(SourceFile:71) ~[?:?]
	at net.minecraft.resources.AsyncReloader.func_219560_a(SourceFile:70) ~[?:?]
	at java.util.concurrent.CompletableFuture$UniCompletion.claim(CompletableFuture.java:568) ~[?:?]
	at java.util.concurrent.CompletableFuture$UniAccept.tryFire(CompletableFuture.java:710) ~[?:?]
	at java.util.concurrent.CompletableFuture.postComplete(CompletableFuture.java:506) ~[?:?]
	at java.util.concurrent.CompletableFuture.postFire(CompletableFuture.java:610) ~[?:?]
	at java.util.concurrent.CompletableFuture$UniAccept.tryFire(CompletableFuture.java:722) ~[?:?]
	at java.util.concurrent.CompletableFuture$Completion.run(CompletableFuture.java:478) ~[?:?]
	at net.minecraft.resources.AsyncReloader.func_219557_a(SourceFile:71) ~[?:?]
	at net.minecraft.resources.AsyncReloader.func_219560_a(SourceFile:70) ~[?:?]
	at java.util.concurrent.CompletableFuture$UniCompletion.claim(CompletableFuture.java:568) ~[?:?]
	at java.util.concurrent.CompletableFuture$UniAccept.tryFire(CompletableFuture.java:710) ~[?:?]
	at java.util.concurrent.CompletableFuture.postComplete(CompletableFuture.java:506) ~[?:?]
	at java.util.concurrent.CompletableFuture.postFire(CompletableFuture.java:610) ~[?:?]
	at java.util.concurrent.CompletableFuture$UniAccept.tryFire(CompletableFuture.java:722) ~[?:?]
	at java.util.concurrent.CompletableFuture$Completion.run(CompletableFuture.java:478) ~[?:?]
	at net.minecraft.resources.AsyncReloader.func_219557_a(SourceFile:71) ~[?:?]
	at net.minecraft.resources.AsyncReloader.func_219560_a(SourceFile:70) ~[?:?]
	at java.util.concurrent.CompletableFuture$UniCompletion.claim(CompletableFuture.java:568) ~[?:?]
	at java.util.concurrent.CompletableFuture$UniAccept.tryFire(CompletableFuture.java:710) ~[?:?]
	at java.util.concurrent.CompletableFuture.postComplete(CompletableFuture.java:506) ~[?:?]
	at java.util.concurrent.CompletableFuture.complete(CompletableFuture.java:2079) ~[?:?]
	at net.minecraft.resources.AsyncReloader$1.func_216873_a(SourceFile:53) ~[?:?]
	at net.minecraft.resources.AsyncReloader$1.func_216872_a(SourceFile:50) ~[?:?]
	at java.util.concurrent.CompletableFuture$UniCompose.tryFire(CompletableFuture.java:1072) [?:?]
	at java.util.concurrent.CompletableFuture.postComplete(CompletableFuture.java:506) [?:?]
	at java.util.concurrent.CompletableFuture$AsyncSupply.run(CompletableFuture.java:1705) [?:?]
	at java.util.concurrent.CompletableFuture$AsyncSupply.exec(CompletableFuture.java:1692) [?:?]
	at java.util.concurrent.ForkJoinTask.doExec(ForkJoinTask.java:290) [?:?]
	at java.util.concurrent.ForkJoinPool$WorkQueue.topLevelExec(ForkJoinPool.java:1020) [?:?]
	at java.util.concurrent.ForkJoinPool.scan(ForkJoinPool.java:1656) [?:?]
	at java.util.concurrent.ForkJoinPool.runWorker(ForkJoinPool.java:1594) [?:?]
	at java.util.concurrent.ForkJoinWorkerThread.run(ForkJoinWorkerThread.java:183) [?:?]
[23Mar2025 00:47:08.504] [Worker-Main-6/ERROR] [net.minecraft.item.crafting.RecipeManager/]: Parsing error loading recipe useless_sword:copper_jigsaw_slicer_recipe
com.google.gson.JsonSyntaxException: Unknown item 'create:mechanical_saw'
	at net.minecraft.item.crafting.Ingredient.lambda$valueFromJson$11(Ingredient.java:216) ~[?:?]
	at java.util.Optional.orElseThrow(Optional.java:408) ~[?:?]
	at net.minecraft.item.crafting.Ingredient.func_199803_a(Ingredient.java:215) ~[?:?]
	at net.minecraftforge.common.crafting.VanillaIngredientSerializer.parse(VanillaIngredientSerializer.java:27) ~[forge:?]
	at net.minecraftforge.common.crafting.CraftingHelper.getIngredient(CraftingHelper.java:141) ~[forge:?]
	at net.minecraft.item.crafting.Ingredient.func_199802_a(Ingredient.java:189) ~[?:?]
	at net.minecraft.item.crafting.ShapedRecipe.func_192408_a(ShapedRecipe.java:252) ~[?:?]
	at net.minecraft.item.crafting.ShapedRecipe.access$000(ShapedRecipe.java:24) ~[?:?]
	at net.minecraft.item.crafting.ShapedRecipe$Serializer.func_199425_a_(ShapedRecipe.java:276) ~[?:?]
	at net.minecraft.item.crafting.ShapedRecipe$Serializer.func_199425_a_(ShapedRecipe.java:272) ~[?:?]
	at net.minecraft.item.crafting.RecipeManager.func_215377_a(RecipeManager.java:141) ~[?:?]
	at net.minecraft.item.crafting.RecipeManager.func_212853_a_(RecipeManager.java:61) ~[?:?]
	at net.minecraft.item.crafting.RecipeManager.func_212853_a_(RecipeManager.java:38) ~[?:?]
	at net.minecraft.client.resources.ReloadListener.func_215269_a(SourceFile:13) ~[?:?]
	at java.util.concurrent.CompletableFuture$UniAccept.tryFire(CompletableFuture.java:714) ~[?:?]
	at java.util.concurrent.CompletableFuture$Completion.run(CompletableFuture.java:478) ~[?:?]
	at net.minecraft.resources.AsyncReloader.func_219557_a(SourceFile:71) ~[?:?]
	at net.minecraft.resources.AsyncReloader.func_219560_a(SourceFile:70) ~[?:?]
	at java.util.concurrent.CompletableFuture$UniCompletion.claim(CompletableFuture.java:568) ~[?:?]
	at java.util.concurrent.CompletableFuture$UniAccept.tryFire(CompletableFuture.java:710) ~[?:?]
	at java.util.concurrent.CompletableFuture.postComplete(CompletableFuture.java:506) ~[?:?]
	at java.util.concurrent.CompletableFuture.postFire(CompletableFuture.java:610) ~[?:?]
	at java.util.concurrent.CompletableFuture$UniAccept.tryFire(CompletableFuture.java:722) ~[?:?]
	at java.util.concurrent.CompletableFuture$Completion.run(CompletableFuture.java:478) ~[?:?]
	at net.minecraft.resources.AsyncReloader.func_219557_a(SourceFile:71) ~[?:?]
	at net.minecraft.resources.AsyncReloader.func_219560_a(SourceFile:70) ~[?:?]
	at java.util.concurrent.CompletableFuture$UniCompletion.claim(CompletableFuture.java:568) ~[?:?]
	at java.util.concurrent.CompletableFuture$UniAccept.tryFire(CompletableFuture.java:710) ~[?:?]
	at java.util.concurrent.CompletableFuture.postComplete(CompletableFuture.java:506) ~[?:?]
	at java.util.concurrent.CompletableFuture.postFire(CompletableFuture.java:610) ~[?:?]
	at java.util.concurrent.CompletableFuture$UniAccept.tryFire(CompletableFuture.java:722) ~[?:?]
	at java.util.concurrent.CompletableFuture$Completion.run(CompletableFuture.java:478) ~[?:?]
	at net.minecraft.resources.AsyncReloader.func_219557_a(SourceFile:71) ~[?:?]
	at net.minecraft.resources.AsyncReloader.func_219560_a(SourceFile:70) ~[?:?]
	at java.util.concurrent.CompletableFuture$UniCompletion.claim(CompletableFuture.java:568) ~[?:?]
	at java.util.concurrent.CompletableFuture$UniAccept.tryFire(CompletableFuture.java:710) ~[?:?]
	at java.util.concurrent.CompletableFuture.postComplete(CompletableFuture.java:506) ~[?:?]
	at java.util.concurrent.CompletableFuture.postFire(CompletableFuture.java:610) ~[?:?]
	at java.util.concurrent.CompletableFuture$UniAccept.tryFire(CompletableFuture.java:722) ~[?:?]
	at java.util.concurrent.CompletableFuture$Completion.run(CompletableFuture.java:478) ~[?:?]
	at net.minecraft.resources.AsyncReloader.func_219557_a(SourceFile:71) ~[?:?]
	at net.minecraft.resources.AsyncReloader.func_219560_a(SourceFile:70) ~[?:?]
	at java.util.concurrent.CompletableFuture$UniCompletion.claim(CompletableFuture.java:568) ~[?:?]
	at java.util.concurrent.CompletableFuture$UniAccept.tryFire(CompletableFuture.java:710) ~[?:?]
	at java.util.concurrent.CompletableFuture.postComplete(CompletableFuture.java:506) ~[?:?]
	at java.util.concurrent.CompletableFuture.complete(CompletableFuture.java:2079) ~[?:?]
	at net.minecraft.resources.AsyncReloader$1.func_216873_a(SourceFile:53) ~[?:?]
	at net.minecraft.resources.AsyncReloader$1.func_216872_a(SourceFile:50) ~[?:?]
	at java.util.concurrent.CompletableFuture$UniCompose.tryFire(CompletableFuture.java:1072) [?:?]
	at java.util.concurrent.CompletableFuture.postComplete(CompletableFuture.java:506) [?:?]
	at java.util.concurrent.CompletableFuture$AsyncSupply.run(CompletableFuture.java:1705) [?:?]
	at java.util.concurrent.CompletableFuture$AsyncSupply.exec(CompletableFuture.java:1692) [?:?]
	at java.util.concurrent.ForkJoinTask.doExec(ForkJoinTask.java:290) [?:?]
	at java.util.concurrent.ForkJoinPool$WorkQueue.topLevelExec(ForkJoinPool.java:1020) [?:?]
	at java.util.concurrent.ForkJoinPool.scan(ForkJoinPool.java:1656) [?:?]
	at java.util.concurrent.ForkJoinPool.runWorker(ForkJoinPool.java:1594) [?:?]
	at java.util.concurrent.ForkJoinWorkerThread.run(ForkJoinWorkerThread.java:183) [?:?]
[23Mar2025 00:47:08.512] [Worker-Main-6/INFO] [net.minecraft.item.crafting.RecipeManager/]: Skipping loading recipe supplementaries:checker_vertical_slab as it's serializer returned null
[23Mar2025 00:47:08.520] [Worker-Main-6/ERROR] [net.minecraft.item.crafting.RecipeManager/]: Parsing error loading recipe useless_sword:gaia_claymore_recipe
com.google.gson.JsonSyntaxException: Unknown item 'botania:gaia_ingot'
	at net.minecraft.item.crafting.Ingredient.lambda$valueFromJson$11(Ingredient.java:216) ~[?:?]
	at java.util.Optional.orElseThrow(Optional.java:408) ~[?:?]
	at net.minecraft.item.crafting.Ingredient.func_199803_a(Ingredient.java:215) ~[?:?]
	at net.minecraftforge.common.crafting.VanillaIngredientSerializer.parse(VanillaIngredientSerializer.java:27) ~[forge:?]
	at net.minecraftforge.common.crafting.CraftingHelper.getIngredient(CraftingHelper.java:141) ~[forge:?]
	at net.minecraft.item.crafting.Ingredient.func_199802_a(Ingredient.java:189) ~[?:?]
	at net.minecraft.item.crafting.ShapedRecipe.func_192408_a(ShapedRecipe.java:252) ~[?:?]
	at net.minecraft.item.crafting.ShapedRecipe.access$000(ShapedRecipe.java:24) ~[?:?]
	at net.minecraft.item.crafting.ShapedRecipe$Serializer.func_199425_a_(ShapedRecipe.java:276) ~[?:?]
	at net.minecraft.item.crafting.ShapedRecipe$Serializer.func_199425_a_(ShapedRecipe.java:272) ~[?:?]
	at net.minecraft.item.crafting.RecipeManager.func_215377_a(RecipeManager.java:141) ~[?:?]
	at net.minecraft.item.crafting.RecipeManager.func_212853_a_(RecipeManager.java:61) ~[?:?]
	at net.minecraft.item.crafting.RecipeManager.func_212853_a_(RecipeManager.java:38) ~[?:?]
	at net.minecraft.client.resources.ReloadListener.func_215269_a(SourceFile:13) ~[?:?]
	at java.util.concurrent.CompletableFuture$UniAccept.tryFire(CompletableFuture.java:714) ~[?:?]
	at java.util.concurrent.CompletableFuture$Completion.run(CompletableFuture.java:478) ~[?:?]
	at net.minecraft.resources.AsyncReloader.func_219557_a(SourceFile:71) ~[?:?]
	at net.minecraft.resources.AsyncReloader.func_219560_a(SourceFile:70) ~[?:?]
	at java.util.concurrent.CompletableFuture$UniCompletion.claim(CompletableFuture.java:568) ~[?:?]
	at java.util.concurrent.CompletableFuture$UniAccept.tryFire(CompletableFuture.java:710) ~[?:?]
	at java.util.concurrent.CompletableFuture.postComplete(CompletableFuture.java:506) ~[?:?]
	at java.util.concurrent.CompletableFuture.postFire(CompletableFuture.java:610) ~[?:?]
	at java.util.concurrent.CompletableFuture$UniAccept.tryFire(CompletableFuture.java:722) ~[?:?]
	at java.util.concurrent.CompletableFuture$Completion.run(CompletableFuture.java:478) ~[?:?]
	at net.minecraft.resources.AsyncReloader.func_219557_a(SourceFile:71) ~[?:?]
	at net.minecraft.resources.AsyncReloader.func_219560_a(SourceFile:70) ~[?:?]
	at java.util.concurrent.CompletableFuture$UniCompletion.claim(CompletableFuture.java:568) ~[?:?]
	at java.util.concurrent.CompletableFuture$UniAccept.tryFire(CompletableFuture.java:710) ~[?:?]
	at java.util.concurrent.CompletableFuture.postComplete(CompletableFuture.java:506) ~[?:?]
	at java.util.concurrent.CompletableFuture.postFire(CompletableFuture.java:610) ~[?:?]
	at java.util.concurrent.CompletableFuture$UniAccept.tryFire(CompletableFuture.java:722) ~[?:?]
	at java.util.concurrent.CompletableFuture$Completion.run(CompletableFuture.java:478) ~[?:?]
	at net.minecraft.resources.AsyncReloader.func_219557_a(SourceFile:71) ~[?:?]
	at net.minecraft.resources.AsyncReloader.func_219560_a(SourceFile:70) ~[?:?]
	at java.util.concurrent.CompletableFuture$UniCompletion.claim(CompletableFuture.java:568) ~[?:?]
	at java.util.concurrent.CompletableFuture$UniAccept.tryFire(CompletableFuture.java:710) ~[?:?]
	at java.util.concurrent.CompletableFuture.postComplete(CompletableFuture.java:506) ~[?:?]
	at java.util.concurrent.CompletableFuture.postFire(CompletableFuture.java:610) ~[?:?]
	at java.util.concurrent.CompletableFuture$UniAccept.tryFire(CompletableFuture.java:722) ~[?:?]
	at java.util.concurrent.CompletableFuture$Completion.run(CompletableFuture.java:478) ~[?:?]
	at net.minecraft.resources.AsyncReloader.func_219557_a(SourceFile:71) ~[?:?]
	at net.minecraft.resources.AsyncReloader.func_219560_a(SourceFile:70) ~[?:?]
	at java.util.concurrent.CompletableFuture$UniCompletion.claim(CompletableFuture.java:568) ~[?:?]
	at java.util.concurrent.CompletableFuture$UniAccept.tryFire(CompletableFuture.java:710) ~[?:?]
	at java.util.concurrent.CompletableFuture.postComplete(CompletableFuture.java:506) ~[?:?]
	at java.util.concurrent.CompletableFuture.complete(CompletableFuture.java:2079) ~[?:?]
	at net.minecraft.resources.AsyncReloader$1.func_216873_a(SourceFile:53) ~[?:?]
	at net.minecraft.resources.AsyncReloader$1.func_216872_a(SourceFile:50) ~[?:?]
	at java.util.concurrent.CompletableFuture$UniCompose.tryFire(CompletableFuture.java:1072) [?:?]
	at java.util.concurrent.CompletableFuture.postComplete(CompletableFuture.java:506) [?:?]
	at java.util.concurrent.CompletableFuture$AsyncSupply.run(CompletableFuture.java:1705) [?:?]
	at java.util.concurrent.CompletableFuture$AsyncSupply.exec(CompletableFuture.java:1692) [?:?]
	at java.util.concurrent.ForkJoinTask.doExec(ForkJoinTask.java:290) [?:?]
	at java.util.concurrent.ForkJoinPool$WorkQueue.topLevelExec(ForkJoinPool.java:1020) [?:?]
	at java.util.concurrent.ForkJoinPool.scan(ForkJoinPool.java:1656) [?:?]
	at java.util.concurrent.ForkJoinPool.runWorker(ForkJoinPool.java:1594) [?:?]
	at java.util.concurrent.ForkJoinWorkerThread.run(ForkJoinWorkerThread.java:183) [?:?]
[23Mar2025 00:47:08.522] [Worker-Main-6/ERROR] [net.minecraft.item.crafting.RecipeManager/]: Parsing error loading recipe useless_sword:weed_foil_recipe
com.google.gson.JsonSyntaxException: Unknown item 'druidcraft:oak_small_beam'
	at net.minecraft.item.crafting.Ingredient.lambda$valueFromJson$11(Ingredient.java:216) ~[?:?]
	at java.util.Optional.orElseThrow(Optional.java:408) ~[?:?]
	at net.minecraft.item.crafting.Ingredient.func_199803_a(Ingredient.java:215) ~[?:?]
	at net.minecraftforge.common.crafting.VanillaIngredientSerializer.parse(VanillaIngredientSerializer.java:27) ~[forge:?]
	at net.minecraftforge.common.crafting.CraftingHelper.getIngredient(CraftingHelper.java:141) ~[forge:?]
	at net.minecraft.item.crafting.Ingredient.func_199802_a(Ingredient.java:189) ~[?:?]
	at net.minecraft.item.crafting.ShapedRecipe.func_192408_a(ShapedRecipe.java:252) ~[?:?]
	at net.minecraft.item.crafting.ShapedRecipe.access$000(ShapedRecipe.java:24) ~[?:?]
	at net.minecraft.item.crafting.ShapedRecipe$Serializer.func_199425_a_(ShapedRecipe.java:276) ~[?:?]
	at net.minecraft.item.crafting.ShapedRecipe$Serializer.func_199425_a_(ShapedRecipe.java:272) ~[?:?]
	at net.minecraft.item.crafting.RecipeManager.func_215377_a(RecipeManager.java:141) ~[?:?]
	at net.minecraft.item.crafting.RecipeManager.func_212853_a_(RecipeManager.java:61) ~[?:?]
	at net.minecraft.item.crafting.RecipeManager.func_212853_a_(RecipeManager.java:38) ~[?:?]
	at net.minecraft.client.resources.ReloadListener.func_215269_a(SourceFile:13) ~[?:?]
	at java.util.concurrent.CompletableFuture$UniAccept.tryFire(CompletableFuture.java:714) ~[?:?]
	at java.util.concurrent.CompletableFuture$Completion.run(CompletableFuture.java:478) ~[?:?]
	at net.minecraft.resources.AsyncReloader.func_219557_a(SourceFile:71) ~[?:?]
	at net.minecraft.resources.AsyncReloader.func_219560_a(SourceFile:70) ~[?:?]
	at java.util.concurrent.CompletableFuture$UniCompletion.claim(CompletableFuture.java:568) ~[?:?]
	at java.util.concurrent.CompletableFuture$UniAccept.tryFire(CompletableFuture.java:710) ~[?:?]
	at java.util.concurrent.CompletableFuture.postComplete(CompletableFuture.java:506) ~[?:?]
	at java.util.concurrent.CompletableFuture.postFire(CompletableFuture.java:610) ~[?:?]
	at java.util.concurrent.CompletableFuture$UniAccept.tryFire(CompletableFuture.java:722) ~[?:?]
	at java.util.concurrent.CompletableFuture$Completion.run(CompletableFuture.java:478) ~[?:?]
	at net.minecraft.resources.AsyncReloader.func_219557_a(SourceFile:71) ~[?:?]
	at net.minecraft.resources.AsyncReloader.func_219560_a(SourceFile:70) ~[?:?]
	at java.util.concurrent.CompletableFuture$UniCompletion.claim(CompletableFuture.java:568) ~[?:?]
	at java.util.concurrent.CompletableFuture$UniAccept.tryFire(CompletableFuture.java:710) ~[?:?]
	at java.util.concurrent.CompletableFuture.postComplete(CompletableFuture.java:506) ~[?:?]
	at java.util.concurrent.CompletableFuture.postFire(CompletableFuture.java:610) ~[?:?]
	at java.util.concurrent.CompletableFuture$UniAccept.tryFire(CompletableFuture.java:722) ~[?:?]
	at java.util.concurrent.CompletableFuture$Completion.run(CompletableFuture.java:478) ~[?:?]
	at net.minecraft.resources.AsyncReloader.func_219557_a(SourceFile:71) ~[?:?]
	at net.minecraft.resources.AsyncReloader.func_219560_a(SourceFile:70) ~[?:?]
	at java.util.concurrent.CompletableFuture$UniCompletion.claim(CompletableFuture.java:568) ~[?:?]
	at java.util.concurrent.CompletableFuture$UniAccept.tryFire(CompletableFuture.java:710) ~[?:?]
	at java.util.concurrent.CompletableFuture.postComplete(CompletableFuture.java:506) ~[?:?]
	at java.util.concurrent.CompletableFuture.postFire(CompletableFuture.java:610) ~[?:?]
	at java.util.concurrent.CompletableFuture$UniAccept.tryFire(CompletableFuture.java:722) ~[?:?]
	at java.util.concurrent.CompletableFuture$Completion.run(CompletableFuture.java:478) ~[?:?]
	at net.minecraft.resources.AsyncReloader.func_219557_a(SourceFile:71) ~[?:?]
	at net.minecraft.resources.AsyncReloader.func_219560_a(SourceFile:70) ~[?:?]
	at java.util.concurrent.CompletableFuture$UniCompletion.claim(CompletableFuture.java:568) ~[?:?]
	at java.util.concurrent.CompletableFuture$UniAccept.tryFire(CompletableFuture.java:710) ~[?:?]
	at java.util.concurrent.CompletableFuture.postComplete(CompletableFuture.java:506) ~[?:?]
	at java.util.concurrent.CompletableFuture.complete(CompletableFuture.java:2079) ~[?:?]
	at net.minecraft.resources.AsyncReloader$1.func_216873_a(SourceFile:53) ~[?:?]
	at net.minecraft.resources.AsyncReloader$1.func_216872_a(SourceFile:50) ~[?:?]
	at java.util.concurrent.CompletableFuture$UniCompose.tryFire(CompletableFuture.java:1072) [?:?]
	at java.util.concurrent.CompletableFuture.postComplete(CompletableFuture.java:506) [?:?]
	at java.util.concurrent.CompletableFuture$AsyncSupply.run(CompletableFuture.java:1705) [?:?]
	at java.util.concurrent.CompletableFuture$AsyncSupply.exec(CompletableFuture.java:1692) [?:?]
	at java.util.concurrent.ForkJoinTask.doExec(ForkJoinTask.java:290) [?:?]
	at java.util.concurrent.ForkJoinPool$WorkQueue.topLevelExec(ForkJoinPool.java:1020) [?:?]
	at java.util.concurrent.ForkJoinPool.scan(ForkJoinPool.java:1656) [?:?]
	at java.util.concurrent.ForkJoinPool.runWorker(ForkJoinPool.java:1594) [?:?]
	at java.util.concurrent.ForkJoinWorkerThread.run(ForkJoinWorkerThread.java:183) [?:?]
[23Mar2025 00:47:08.525] [Worker-Main-6/ERROR] [net.minecraft.item.crafting.RecipeManager/]: Parsing error loading recipe useless_sword:booflo_blade_recipe
com.google.gson.JsonSyntaxException: Unknown item 'endergetic:booflo_hide'
	at net.minecraft.item.crafting.Ingredient.lambda$valueFromJson$11(Ingredient.java:216) ~[?:?]
	at java.util.Optional.orElseThrow(Optional.java:408) ~[?:?]
	at net.minecraft.item.crafting.Ingredient.func_199803_a(Ingredient.java:215) ~[?:?]
	at net.minecraftforge.common.crafting.VanillaIngredientSerializer.parse(VanillaIngredientSerializer.java:27) ~[forge:?]
	at net.minecraftforge.common.crafting.CraftingHelper.getIngredient(CraftingHelper.java:141) ~[forge:?]
	at net.minecraft.item.crafting.Ingredient.func_199802_a(Ingredient.java:189) ~[?:?]
	at net.minecraft.item.crafting.ShapedRecipe.func_192408_a(ShapedRecipe.java:252) ~[?:?]
	at net.minecraft.item.crafting.ShapedRecipe.access$000(ShapedRecipe.java:24) ~[?:?]
	at net.minecraft.item.crafting.ShapedRecipe$Serializer.func_199425_a_(ShapedRecipe.java:276) ~[?:?]
	at net.minecraft.item.crafting.ShapedRecipe$Serializer.func_199425_a_(ShapedRecipe.java:272) ~[?:?]
	at net.minecraft.item.crafting.RecipeManager.func_215377_a(RecipeManager.java:141) ~[?:?]
	at net.minecraft.item.crafting.RecipeManager.func_212853_a_(RecipeManager.java:61) ~[?:?]
	at net.minecraft.item.crafting.RecipeManager.func_212853_a_(RecipeManager.java:38) ~[?:?]
	at net.minecraft.client.resources.ReloadListener.func_215269_a(SourceFile:13) ~[?:?]
	at java.util.concurrent.CompletableFuture$UniAccept.tryFire(CompletableFuture.java:714) ~[?:?]
	at java.util.concurrent.CompletableFuture$Completion.run(CompletableFuture.java:478) ~[?:?]
	at net.minecraft.resources.AsyncReloader.func_219557_a(SourceFile:71) ~[?:?]
	at net.minecraft.resources.AsyncReloader.func_219560_a(SourceFile:70) ~[?:?]
	at java.util.concurrent.CompletableFuture$UniCompletion.claim(CompletableFuture.java:568) ~[?:?]
	at java.util.concurrent.CompletableFuture$UniAccept.tryFire(CompletableFuture.java:710) ~[?:?]
	at java.util.concurrent.CompletableFuture.postComplete(CompletableFuture.java:506) ~[?:?]
	at java.util.concurrent.CompletableFuture.postFire(CompletableFuture.java:610) ~[?:?]
	at java.util.concurrent.CompletableFuture$UniAccept.tryFire(CompletableFuture.java:722) ~[?:?]
	at java.util.concurrent.CompletableFuture$Completion.run(CompletableFuture.java:478) ~[?:?]
	at net.minecraft.resources.AsyncReloader.func_219557_a(SourceFile:71) ~[?:?]
	at net.minecraft.resources.AsyncReloader.func_219560_a(SourceFile:70) ~[?:?]
	at java.util.concurrent.CompletableFuture$UniCompletion.claim(CompletableFuture.java:568) ~[?:?]
	at java.util.concurrent.CompletableFuture$UniAccept.tryFire(CompletableFuture.java:710) ~[?:?]
	at java.util.concurrent.CompletableFuture.postComplete(CompletableFuture.java:506) ~[?:?]
	at java.util.concurrent.CompletableFuture.postFire(CompletableFuture.java:610) ~[?:?]
	at java.util.concurrent.CompletableFuture$UniAccept.tryFire(CompletableFuture.java:722) ~[?:?]
	at java.util.concurrent.CompletableFuture$Completion.run(CompletableFuture.java:478) ~[?:?]
	at net.minecraft.resources.AsyncReloader.func_219557_a(SourceFile:71) ~[?:?]
	at net.minecraft.resources.AsyncReloader.func_219560_a(SourceFile:70) ~[?:?]
	at java.util.concurrent.CompletableFuture$UniCompletion.claim(CompletableFuture.java:568) ~[?:?]
	at java.util.concurrent.CompletableFuture$UniAccept.tryFire(CompletableFuture.java:710) ~[?:?]
	at java.util.concurrent.CompletableFuture.postComplete(CompletableFuture.java:506) ~[?:?]
	at java.util.concurrent.CompletableFuture.postFire(CompletableFuture.java:610) ~[?:?]
	at java.util.concurrent.CompletableFuture$UniAccept.tryFire(CompletableFuture.java:722) ~[?:?]
	at java.util.concurrent.CompletableFuture$Completion.run(CompletableFuture.java:478) ~[?:?]
	at net.minecraft.resources.AsyncReloader.func_219557_a(SourceFile:71) ~[?:?]
	at net.minecraft.resources.AsyncReloader.func_219560_a(SourceFile:70) ~[?:?]
	at java.util.concurrent.CompletableFuture$UniCompletion.claim(CompletableFuture.java:568) ~[?:?]
	at java.util.concurrent.CompletableFuture$UniAccept.tryFire(CompletableFuture.java:710) ~[?:?]
	at java.util.concurrent.CompletableFuture.postComplete(CompletableFuture.java:506) ~[?:?]
	at java.util.concurrent.CompletableFuture.complete(CompletableFuture.java:2079) ~[?:?]
	at net.minecraft.resources.AsyncReloader$1.func_216873_a(SourceFile:53) ~[?:?]
	at net.minecraft.resources.AsyncReloader$1.func_216872_a(SourceFile:50) ~[?:?]
	at java.util.concurrent.CompletableFuture$UniCompose.tryFire(CompletableFuture.java:1072) [?:?]
	at java.util.concurrent.CompletableFuture.postComplete(CompletableFuture.java:506) [?:?]
	at java.util.concurrent.CompletableFuture$AsyncSupply.run(CompletableFuture.java:1705) [?:?]
	at java.util.concurrent.CompletableFuture$AsyncSupply.exec(CompletableFuture.java:1692) [?:?]
	at java.util.concurrent.ForkJoinTask.doExec(ForkJoinTask.java:290) [?:?]
	at java.util.concurrent.ForkJoinPool$WorkQueue.topLevelExec(ForkJoinPool.java:1020) [?:?]
	at java.util.concurrent.ForkJoinPool.scan(ForkJoinPool.java:1656) [?:?]
	at java.util.concurrent.ForkJoinPool.runWorker(ForkJoinPool.java:1594) [?:?]
	at java.util.concurrent.ForkJoinWorkerThread.run(ForkJoinWorkerThread.java:183) [?:?]
[23Mar2025 00:47:08.529] [Worker-Main-6/INFO] [net.minecraft.item.crafting.RecipeManager/]: Skipping loading recipe supplementaries:gold_gate as it's serializer returned null
[23Mar2025 00:47:08.547] [Worker-Main-6/ERROR] [net.minecraft.item.crafting.RecipeManager/]: Parsing error loading recipe useless_sword:pike_slapper_recipe
com.google.gson.JsonSyntaxException: Unknown item 'upgrade_aquatic:pike'
	at net.minecraft.item.crafting.Ingredient.lambda$valueFromJson$11(Ingredient.java:216) ~[?:?]
	at java.util.Optional.orElseThrow(Optional.java:408) ~[?:?]
	at net.minecraft.item.crafting.Ingredient.func_199803_a(Ingredient.java:215) ~[?:?]
	at net.minecraftforge.common.crafting.VanillaIngredientSerializer.parse(VanillaIngredientSerializer.java:27) ~[forge:?]
	at net.minecraftforge.common.crafting.CraftingHelper.getIngredient(CraftingHelper.java:141) ~[forge:?]
	at net.minecraft.item.crafting.Ingredient.func_199802_a(Ingredient.java:189) ~[?:?]
	at net.minecraft.item.crafting.ShapedRecipe.func_192408_a(ShapedRecipe.java:252) ~[?:?]
	at net.minecraft.item.crafting.ShapedRecipe.access$000(ShapedRecipe.java:24) ~[?:?]
	at net.minecraft.item.crafting.ShapedRecipe$Serializer.func_199425_a_(ShapedRecipe.java:276) ~[?:?]
	at net.minecraft.item.crafting.ShapedRecipe$Serializer.func_199425_a_(ShapedRecipe.java:272) ~[?:?]
	at net.minecraft.item.crafting.RecipeManager.func_215377_a(RecipeManager.java:141) ~[?:?]
	at net.minecraft.item.crafting.RecipeManager.func_212853_a_(RecipeManager.java:61) ~[?:?]
	at net.minecraft.item.crafting.RecipeManager.func_212853_a_(RecipeManager.java:38) ~[?:?]
	at net.minecraft.client.resources.ReloadListener.func_215269_a(SourceFile:13) ~[?:?]
	at java.util.concurrent.CompletableFuture$UniAccept.tryFire(CompletableFuture.java:714) ~[?:?]
	at java.util.concurrent.CompletableFuture$Completion.run(CompletableFuture.java:478) ~[?:?]
	at net.minecraft.resources.AsyncReloader.func_219557_a(SourceFile:71) ~[?:?]
	at net.minecraft.resources.AsyncReloader.func_219560_a(SourceFile:70) ~[?:?]
	at java.util.concurrent.CompletableFuture$UniCompletion.claim(CompletableFuture.java:568) ~[?:?]
	at java.util.concurrent.CompletableFuture$UniAccept.tryFire(CompletableFuture.java:710) ~[?:?]
	at java.util.concurrent.CompletableFuture.postComplete(CompletableFuture.java:506) ~[?:?]
	at java.util.concurrent.CompletableFuture.postFire(CompletableFuture.java:610) ~[?:?]
	at java.util.concurrent.CompletableFuture$UniAccept.tryFire(CompletableFuture.java:722) ~[?:?]
	at java.util.concurrent.CompletableFuture$Completion.run(CompletableFuture.java:478) ~[?:?]
	at net.minecraft.resources.AsyncReloader.func_219557_a(SourceFile:71) ~[?:?]
	at net.minecraft.resources.AsyncReloader.func_219560_a(SourceFile:70) ~[?:?]
	at java.util.concurrent.CompletableFuture$UniCompletion.claim(CompletableFuture.java:568) ~[?:?]
	at java.util.concurrent.CompletableFuture$UniAccept.tryFire(CompletableFuture.java:710) ~[?:?]
	at java.util.concurrent.CompletableFuture.postComplete(CompletableFuture.java:506) ~[?:?]
	at java.util.concurrent.CompletableFuture.postFire(CompletableFuture.java:610) ~[?:?]
	at java.util.concurrent.CompletableFuture$UniAccept.tryFire(CompletableFuture.java:722) ~[?:?]
	at java.util.concurrent.CompletableFuture$Completion.run(CompletableFuture.java:478) ~[?:?]
	at net.minecraft.resources.AsyncReloader.func_219557_a(SourceFile:71) ~[?:?]
	at net.minecraft.resources.AsyncReloader.func_219560_a(SourceFile:70) ~[?:?]
	at java.util.concurrent.CompletableFuture$UniCompletion.claim(CompletableFuture.java:568) ~[?:?]
	at java.util.concurrent.CompletableFuture$UniAccept.tryFire(CompletableFuture.java:710) ~[?:?]
	at java.util.concurrent.CompletableFuture.postComplete(CompletableFuture.java:506) ~[?:?]
	at java.util.concurrent.CompletableFuture.postFire(CompletableFuture.java:610) ~[?:?]
	at java.util.concurrent.CompletableFuture$UniAccept.tryFire(CompletableFuture.java:722) ~[?:?]
	at java.util.concurrent.CompletableFuture$Completion.run(CompletableFuture.java:478) ~[?:?]
	at net.minecraft.resources.AsyncReloader.func_219557_a(SourceFile:71) ~[?:?]
	at net.minecraft.resources.AsyncReloader.func_219560_a(SourceFile:70) ~[?:?]
	at java.util.concurrent.CompletableFuture$UniCompletion.claim(CompletableFuture.java:568) ~[?:?]
	at java.util.concurrent.CompletableFuture$UniAccept.tryFire(CompletableFuture.java:710) ~[?:?]
	at java.util.concurrent.CompletableFuture.postComplete(CompletableFuture.java:506) ~[?:?]
	at java.util.concurrent.CompletableFuture.complete(CompletableFuture.java:2079) ~[?:?]
	at net.minecraft.resources.AsyncReloader$1.func_216873_a(SourceFile:53) ~[?:?]
	at net.minecraft.resources.AsyncReloader$1.func_216872_a(SourceFile:50) ~[?:?]
	at java.util.concurrent.CompletableFuture$UniCompose.tryFire(CompletableFuture.java:1072) [?:?]
	at java.util.concurrent.CompletableFuture.postComplete(CompletableFuture.java:506) [?:?]
	at java.util.concurrent.CompletableFuture$AsyncSupply.run(CompletableFuture.java:1705) [?:?]
	at java.util.concurrent.CompletableFuture$AsyncSupply.exec(CompletableFuture.java:1692) [?:?]
	at java.util.concurrent.ForkJoinTask.doExec(ForkJoinTask.java:290) [?:?]
	at java.util.concurrent.ForkJoinPool$WorkQueue.topLevelExec(ForkJoinPool.java:1020) [?:?]
	at java.util.concurrent.ForkJoinPool.scan(ForkJoinPool.java:1656) [?:?]
	at java.util.concurrent.ForkJoinPool.runWorker(ForkJoinPool.java:1594) [?:?]
	at java.util.concurrent.ForkJoinWorkerThread.run(ForkJoinWorkerThread.java:183) [?:?]
[23Mar2025 00:47:08.549] [Worker-Main-6/INFO] [net.minecraft.item.crafting.RecipeManager/]: Skipping loading recipe supplementaries:inspirations/flag_clear as it's serializer returned null
[23Mar2025 00:47:08.556] [Worker-Main-6/ERROR] [net.minecraft.item.crafting.RecipeManager/]: Parsing error loading recipe useless_sword:chocolate_sword_recipe
com.google.gson.JsonSyntaxException: Unknown item 'create:bar_of_chocolate'
	at net.minecraft.item.crafting.Ingredient.lambda$valueFromJson$11(Ingredient.java:216) ~[?:?]
	at java.util.Optional.orElseThrow(Optional.java:408) ~[?:?]
	at net.minecraft.item.crafting.Ingredient.func_199803_a(Ingredient.java:215) ~[?:?]
	at net.minecraftforge.common.crafting.VanillaIngredientSerializer.parse(VanillaIngredientSerializer.java:27) ~[forge:?]
	at net.minecraftforge.common.crafting.CraftingHelper.getIngredient(CraftingHelper.java:141) ~[forge:?]
	at net.minecraft.item.crafting.Ingredient.func_199802_a(Ingredient.java:189) ~[?:?]
	at net.minecraft.item.crafting.ShapedRecipe.func_192408_a(ShapedRecipe.java:252) ~[?:?]
	at net.minecraft.item.crafting.ShapedRecipe.access$000(ShapedRecipe.java:24) ~[?:?]
	at net.minecraft.item.crafting.ShapedRecipe$Serializer.func_199425_a_(ShapedRecipe.java:276) ~[?:?]
	at net.minecraft.item.crafting.ShapedRecipe$Serializer.func_199425_a_(ShapedRecipe.java:272) ~[?:?]
	at net.minecraft.item.crafting.RecipeManager.func_215377_a(RecipeManager.java:141) ~[?:?]
	at net.minecraft.item.crafting.RecipeManager.func_212853_a_(RecipeManager.java:61) ~[?:?]
	at net.minecraft.item.crafting.RecipeManager.func_212853_a_(RecipeManager.java:38) ~[?:?]
	at net.minecraft.client.resources.ReloadListener.func_215269_a(SourceFile:13) ~[?:?]
	at java.util.concurrent.CompletableFuture$UniAccept.tryFire(CompletableFuture.java:714) ~[?:?]
	at java.util.concurrent.CompletableFuture$Completion.run(CompletableFuture.java:478) ~[?:?]
	at net.minecraft.resources.AsyncReloader.func_219557_a(SourceFile:71) ~[?:?]
	at net.minecraft.resources.AsyncReloader.func_219560_a(SourceFile:70) ~[?:?]
	at java.util.concurrent.CompletableFuture$UniCompletion.claim(CompletableFuture.java:568) ~[?:?]
	at java.util.concurrent.CompletableFuture$UniAccept.tryFire(CompletableFuture.java:710) ~[?:?]
	at java.util.concurrent.CompletableFuture.postComplete(CompletableFuture.java:506) ~[?:?]
	at java.util.concurrent.CompletableFuture.postFire(CompletableFuture.java:610) ~[?:?]
	at java.util.concurrent.CompletableFuture$UniAccept.tryFire(CompletableFuture.java:722) ~[?:?]
	at java.util.concurrent.CompletableFuture$Completion.run(CompletableFuture.java:478) ~[?:?]
	at net.minecraft.resources.AsyncReloader.func_219557_a(SourceFile:71) ~[?:?]
	at net.minecraft.resources.AsyncReloader.func_219560_a(SourceFile:70) ~[?:?]
	at java.util.concurrent.CompletableFuture$UniCompletion.claim(CompletableFuture.java:568) ~[?:?]
	at java.util.concurrent.CompletableFuture$UniAccept.tryFire(CompletableFuture.java:710) ~[?:?]
	at java.util.concurrent.CompletableFuture.postComplete(CompletableFuture.java:506) ~[?:?]
	at java.util.concurrent.CompletableFuture.postFire(CompletableFuture.java:610) ~[?:?]
	at java.util.concurrent.CompletableFuture$UniAccept.tryFire(CompletableFuture.java:722) ~[?:?]
	at java.util.concurrent.CompletableFuture$Completion.run(CompletableFuture.java:478) ~[?:?]
	at net.minecraft.resources.AsyncReloader.func_219557_a(SourceFile:71) ~[?:?]
	at net.minecraft.resources.AsyncReloader.func_219560_a(SourceFile:70) ~[?:?]
	at java.util.concurrent.CompletableFuture$UniCompletion.claim(CompletableFuture.java:568) ~[?:?]
	at java.util.concurrent.CompletableFuture$UniAccept.tryFire(CompletableFuture.java:710) ~[?:?]
	at java.util.concurrent.CompletableFuture.postComplete(CompletableFuture.java:506) ~[?:?]
	at java.util.concurrent.CompletableFuture.postFire(CompletableFuture.java:610) ~[?:?]
	at java.util.concurrent.CompletableFuture$UniAccept.tryFire(CompletableFuture.java:722) ~[?:?]
	at java.util.concurrent.CompletableFuture$Completion.run(CompletableFuture.java:478) ~[?:?]
	at net.minecraft.resources.AsyncReloader.func_219557_a(SourceFile:71) ~[?:?]
	at net.minecraft.resources.AsyncReloader.func_219560_a(SourceFile:70) ~[?:?]
	at java.util.concurrent.CompletableFuture$UniCompletion.claim(CompletableFuture.java:568) ~[?:?]
	at java.util.concurrent.CompletableFuture$UniAccept.tryFire(CompletableFuture.java:710) ~[?:?]
	at java.util.concurrent.CompletableFuture.postComplete(CompletableFuture.java:506) ~[?:?]
	at java.util.concurrent.CompletableFuture.complete(CompletableFuture.java:2079) ~[?:?]
	at net.minecraft.resources.AsyncReloader$1.func_216873_a(SourceFile:53) ~[?:?]
	at net.minecraft.resources.AsyncReloader$1.func_216872_a(SourceFile:50) ~[?:?]
	at java.util.concurrent.CompletableFuture$UniCompose.tryFire(CompletableFuture.java:1072) [?:?]
	at java.util.concurrent.CompletableFuture.postComplete(CompletableFuture.java:506) [?:?]
	at java.util.concurrent.CompletableFuture$AsyncSupply.run(CompletableFuture.java:1705) [?:?]
	at java.util.concurrent.CompletableFuture$AsyncSupply.exec(CompletableFuture.java:1692) [?:?]
	at java.util.concurrent.ForkJoinTask.doExec(ForkJoinTask.java:290) [?:?]
	at java.util.concurrent.ForkJoinPool$WorkQueue.topLevelExec(ForkJoinPool.java:1020) [?:?]
	at java.util.concurrent.ForkJoinPool.scan(ForkJoinPool.java:1656) [?:?]
	at java.util.concurrent.ForkJoinPool.runWorker(ForkJoinPool.java:1594) [?:?]
	at java.util.concurrent.ForkJoinWorkerThread.run(ForkJoinWorkerThread.java:183) [?:?]
[23Mar2025 00:47:08.567] [Worker-Main-6/ERROR] [net.minecraft.item.crafting.RecipeManager/]: Parsing error loading recipe useless_sword:sword_of_fate_recipe
com.google.gson.JsonSyntaxException: Unknown item 'botania:dice'
	at net.minecraft.item.crafting.Ingredient.lambda$valueFromJson$11(Ingredient.java:216) ~[?:?]
	at java.util.Optional.orElseThrow(Optional.java:408) ~[?:?]
	at net.minecraft.item.crafting.Ingredient.func_199803_a(Ingredient.java:215) ~[?:?]
	at net.minecraftforge.common.crafting.VanillaIngredientSerializer.parse(VanillaIngredientSerializer.java:27) ~[forge:?]
	at net.minecraftforge.common.crafting.CraftingHelper.getIngredient(CraftingHelper.java:141) ~[forge:?]
	at net.minecraft.item.crafting.Ingredient.func_199802_a(Ingredient.java:189) ~[?:?]
	at net.minecraft.item.crafting.ShapedRecipe.func_192408_a(ShapedRecipe.java:252) ~[?:?]
	at net.minecraft.item.crafting.ShapedRecipe.access$000(ShapedRecipe.java:24) ~[?:?]
	at net.minecraft.item.crafting.ShapedRecipe$Serializer.func_199425_a_(ShapedRecipe.java:276) ~[?:?]
	at net.minecraft.item.crafting.ShapedRecipe$Serializer.func_199425_a_(ShapedRecipe.java:272) ~[?:?]
	at net.minecraft.item.crafting.RecipeManager.func_215377_a(RecipeManager.java:141) ~[?:?]
	at net.minecraft.item.crafting.RecipeManager.func_212853_a_(RecipeManager.java:61) ~[?:?]
	at net.minecraft.item.crafting.RecipeManager.func_212853_a_(RecipeManager.java:38) ~[?:?]
	at net.minecraft.client.resources.ReloadListener.func_215269_a(SourceFile:13) ~[?:?]
	at java.util.concurrent.CompletableFuture$UniAccept.tryFire(CompletableFuture.java:714) ~[?:?]
	at java.util.concurrent.CompletableFuture$Completion.run(CompletableFuture.java:478) ~[?:?]
	at net.minecraft.resources.AsyncReloader.func_219557_a(SourceFile:71) ~[?:?]
	at net.minecraft.resources.AsyncReloader.func_219560_a(SourceFile:70) ~[?:?]
	at java.util.concurrent.CompletableFuture$UniCompletion.claim(CompletableFuture.java:568) ~[?:?]
	at java.util.concurrent.CompletableFuture$UniAccept.tryFire(CompletableFuture.java:710) ~[?:?]
	at java.util.concurrent.CompletableFuture.postComplete(CompletableFuture.java:506) ~[?:?]
	at java.util.concurrent.CompletableFuture.postFire(CompletableFuture.java:610) ~[?:?]
	at java.util.concurrent.CompletableFuture$UniAccept.tryFire(CompletableFuture.java:722) ~[?:?]
	at java.util.concurrent.CompletableFuture$Completion.run(CompletableFuture.java:478) ~[?:?]
	at net.minecraft.resources.AsyncReloader.func_219557_a(SourceFile:71) ~[?:?]
	at net.minecraft.resources.AsyncReloader.func_219560_a(SourceFile:70) ~[?:?]
	at java.util.concurrent.CompletableFuture$UniCompletion.claim(CompletableFuture.java:568) ~[?:?]
	at java.util.concurrent.CompletableFuture$UniAccept.tryFire(CompletableFuture.java:710) ~[?:?]
	at java.util.concurrent.CompletableFuture.postComplete(CompletableFuture.java:506) ~[?:?]
	at java.util.concurrent.CompletableFuture.postFire(CompletableFuture.java:610) ~[?:?]
	at java.util.concurrent.CompletableFuture$UniAccept.tryFire(CompletableFuture.java:722) ~[?:?]
	at java.util.concurrent.CompletableFuture$Completion.run(CompletableFuture.java:478) ~[?:?]
	at net.minecraft.resources.AsyncReloader.func_219557_a(SourceFile:71) ~[?:?]
	at net.minecraft.resources.AsyncReloader.func_219560_a(SourceFile:70) ~[?:?]
	at java.util.concurrent.CompletableFuture$UniCompletion.claim(CompletableFuture.java:568) ~[?:?]
	at java.util.concurrent.CompletableFuture$UniAccept.tryFire(CompletableFuture.java:710) ~[?:?]
	at java.util.concurrent.CompletableFuture.postComplete(CompletableFuture.java:506) ~[?:?]
	at java.util.concurrent.CompletableFuture.postFire(CompletableFuture.java:610) ~[?:?]
	at java.util.concurrent.CompletableFuture$UniAccept.tryFire(CompletableFuture.java:722) ~[?:?]
	at java.util.concurrent.CompletableFuture$Completion.run(CompletableFuture.java:478) ~[?:?]
	at net.minecraft.resources.AsyncReloader.func_219557_a(SourceFile:71) ~[?:?]
	at net.minecraft.resources.AsyncReloader.func_219560_a(SourceFile:70) ~[?:?]
	at java.util.concurrent.CompletableFuture$UniCompletion.claim(CompletableFuture.java:568) ~[?:?]
	at java.util.concurrent.CompletableFuture$UniAccept.tryFire(CompletableFuture.java:710) ~[?:?]
	at java.util.concurrent.CompletableFuture.postComplete(CompletableFuture.java:506) ~[?:?]
	at java.util.concurrent.CompletableFuture.complete(CompletableFuture.java:2079) ~[?:?]
	at net.minecraft.resources.AsyncReloader$1.func_216873_a(SourceFile:53) ~[?:?]
	at net.minecraft.resources.AsyncReloader$1.func_216872_a(SourceFile:50) ~[?:?]
	at java.util.concurrent.CompletableFuture$UniCompose.tryFire(CompletableFuture.java:1072) [?:?]
	at java.util.concurrent.CompletableFuture.postComplete(CompletableFuture.java:506) [?:?]
	at java.util.concurrent.CompletableFuture$AsyncSupply.run(CompletableFuture.java:1705) [?:?]
	at java.util.concurrent.CompletableFuture$AsyncSupply.exec(CompletableFuture.java:1692) [?:?]
	at java.util.concurrent.ForkJoinTask.doExec(ForkJoinTask.java:290) [?:?]
	at java.util.concurrent.ForkJoinPool$WorkQueue.topLevelExec(ForkJoinPool.java:1020) [?:?]
	at java.util.concurrent.ForkJoinPool.scan(ForkJoinPool.java:1656) [?:?]
	at java.util.concurrent.ForkJoinPool.runWorker(ForkJoinPool.java:1594) [?:?]
	at java.util.concurrent.ForkJoinWorkerThread.run(ForkJoinWorkerThread.java:183) [?:?]
[23Mar2025 00:47:08.569] [Worker-Main-6/INFO] [net.minecraft.item.crafting.RecipeManager/]: Skipping loading recipe supplementaries:firefly_jar_tf as it's serializer returned null
[23Mar2025 00:47:08.576] [Worker-Main-6/ERROR] [net.minecraft.item.crafting.RecipeManager/]: Parsing error loading recipe useless_sword:pesting_rapier_recipe
com.google.gson.JsonSyntaxException: Unknown item 'twilightforest:firefly'
	at net.minecraft.item.crafting.Ingredient.lambda$valueFromJson$11(Ingredient.java:216) ~[?:?]
	at java.util.Optional.orElseThrow(Optional.java:408) ~[?:?]
	at net.minecraft.item.crafting.Ingredient.func_199803_a(Ingredient.java:215) ~[?:?]
	at net.minecraftforge.common.crafting.VanillaIngredientSerializer.parse(VanillaIngredientSerializer.java:27) ~[forge:?]
	at net.minecraftforge.common.crafting.CraftingHelper.getIngredient(CraftingHelper.java:141) ~[forge:?]
	at net.minecraft.item.crafting.Ingredient.func_199802_a(Ingredient.java:189) ~[?:?]
	at net.minecraft.item.crafting.ShapedRecipe.func_192408_a(ShapedRecipe.java:252) ~[?:?]
	at net.minecraft.item.crafting.ShapedRecipe.access$000(ShapedRecipe.java:24) ~[?:?]
	at net.minecraft.item.crafting.ShapedRecipe$Serializer.func_199425_a_(ShapedRecipe.java:276) ~[?:?]
	at net.minecraft.item.crafting.ShapedRecipe$Serializer.func_199425_a_(ShapedRecipe.java:272) ~[?:?]
	at net.minecraft.item.crafting.RecipeManager.func_215377_a(RecipeManager.java:141) ~[?:?]
	at net.minecraft.item.crafting.RecipeManager.func_212853_a_(RecipeManager.java:61) ~[?:?]
	at net.minecraft.item.crafting.RecipeManager.func_212853_a_(RecipeManager.java:38) ~[?:?]
	at net.minecraft.client.resources.ReloadListener.func_215269_a(SourceFile:13) ~[?:?]
	at java.util.concurrent.CompletableFuture$UniAccept.tryFire(CompletableFuture.java:714) ~[?:?]
	at java.util.concurrent.CompletableFuture$Completion.run(CompletableFuture.java:478) ~[?:?]
	at net.minecraft.resources.AsyncReloader.func_219557_a(SourceFile:71) ~[?:?]
	at net.minecraft.resources.AsyncReloader.func_219560_a(SourceFile:70) ~[?:?]
	at java.util.concurrent.CompletableFuture$UniCompletion.claim(CompletableFuture.java:568) ~[?:?]
	at java.util.concurrent.CompletableFuture$UniAccept.tryFire(CompletableFuture.java:710) ~[?:?]
	at java.util.concurrent.CompletableFuture.postComplete(CompletableFuture.java:506) ~[?:?]
	at java.util.concurrent.CompletableFuture.postFire(CompletableFuture.java:610) ~[?:?]
	at java.util.concurrent.CompletableFuture$UniAccept.tryFire(CompletableFuture.java:722) ~[?:?]
	at java.util.concurrent.CompletableFuture$Completion.run(CompletableFuture.java:478) ~[?:?]
	at net.minecraft.resources.AsyncReloader.func_219557_a(SourceFile:71) ~[?:?]
	at net.minecraft.resources.AsyncReloader.func_219560_a(SourceFile:70) ~[?:?]
	at java.util.concurrent.CompletableFuture$UniCompletion.claim(CompletableFuture.java:568) ~[?:?]
	at java.util.concurrent.CompletableFuture$UniAccept.tryFire(CompletableFuture.java:710) ~[?:?]
	at java.util.concurrent.CompletableFuture.postComplete(CompletableFuture.java:506) ~[?:?]
	at java.util.concurrent.CompletableFuture.postFire(CompletableFuture.java:610) ~[?:?]
	at java.util.concurrent.CompletableFuture$UniAccept.tryFire(CompletableFuture.java:722) ~[?:?]
	at java.util.concurrent.CompletableFuture$Completion.run(CompletableFuture.java:478) ~[?:?]
	at net.minecraft.resources.AsyncReloader.func_219557_a(SourceFile:71) ~[?:?]
	at net.minecraft.resources.AsyncReloader.func_219560_a(SourceFile:70) ~[?:?]
	at java.util.concurrent.CompletableFuture$UniCompletion.claim(CompletableFuture.java:568) ~[?:?]
	at java.util.concurrent.CompletableFuture$UniAccept.tryFire(CompletableFuture.java:710) ~[?:?]
	at java.util.concurrent.CompletableFuture.postComplete(CompletableFuture.java:506) ~[?:?]
	at java.util.concurrent.CompletableFuture.postFire(CompletableFuture.java:610) ~[?:?]
	at java.util.concurrent.CompletableFuture$UniAccept.tryFire(CompletableFuture.java:722) ~[?:?]
	at java.util.concurrent.CompletableFuture$Completion.run(CompletableFuture.java:478) ~[?:?]
	at net.minecraft.resources.AsyncReloader.func_219557_a(SourceFile:71) ~[?:?]
	at net.minecraft.resources.AsyncReloader.func_219560_a(SourceFile:70) ~[?:?]
	at java.util.concurrent.CompletableFuture$UniCompletion.claim(CompletableFuture.java:568) ~[?:?]
	at java.util.concurrent.CompletableFuture$UniAccept.tryFire(CompletableFuture.java:710) ~[?:?]
	at java.util.concurrent.CompletableFuture.postComplete(CompletableFuture.java:506) ~[?:?]
	at java.util.concurrent.CompletableFuture.complete(CompletableFuture.java:2079) ~[?:?]
	at net.minecraft.resources.AsyncReloader$1.func_216873_a(SourceFile:53) ~[?:?]
	at net.minecraft.resources.AsyncReloader$1.func_216872_a(SourceFile:50) ~[?:?]
	at java.util.concurrent.CompletableFuture$UniCompose.tryFire(CompletableFuture.java:1072) [?:?]
	at java.util.concurrent.CompletableFuture.postComplete(CompletableFuture.java:506) [?:?]
	at java.util.concurrent.CompletableFuture$AsyncSupply.run(CompletableFuture.java:1705) [?:?]
	at java.util.concurrent.CompletableFuture$AsyncSupply.exec(CompletableFuture.java:1692) [?:?]
	at java.util.concurrent.ForkJoinTask.doExec(ForkJoinTask.java:290) [?:?]
	at java.util.concurrent.ForkJoinPool$WorkQueue.topLevelExec(ForkJoinPool.java:1020) [?:?]
	at java.util.concurrent.ForkJoinPool.scan(ForkJoinPool.java:1656) [?:?]
	at java.util.concurrent.ForkJoinPool.runWorker(ForkJoinPool.java:1594) [?:?]
	at java.util.concurrent.ForkJoinWorkerThread.run(ForkJoinWorkerThread.java:183) [?:?]
[23Mar2025 00:47:08.582] [Worker-Main-6/ERROR] [net.minecraft.item.crafting.RecipeManager/]: Parsing error loading recipe useless_sword:end_pyro_sword_recipe
com.google.gson.JsonSyntaxException: Unknown item 'endergetic:eumus'
	at net.minecraft.item.crafting.Ingredient.lambda$valueFromJson$11(Ingredient.java:216) ~[?:?]
	at java.util.Optional.orElseThrow(Optional.java:408) ~[?:?]
	at net.minecraft.item.crafting.Ingredient.func_199803_a(Ingredient.java:215) ~[?:?]
	at net.minecraftforge.common.crafting.VanillaIngredientSerializer.parse(VanillaIngredientSerializer.java:27) ~[forge:?]
	at net.minecraftforge.common.crafting.CraftingHelper.getIngredient(CraftingHelper.java:141) ~[forge:?]
	at net.minecraft.item.crafting.Ingredient.func_199802_a(Ingredient.java:189) ~[?:?]
	at net.minecraft.item.crafting.ShapedRecipe.func_192408_a(ShapedRecipe.java:252) ~[?:?]
	at net.minecraft.item.crafting.ShapedRecipe.access$000(ShapedRecipe.java:24) ~[?:?]
	at net.minecraft.item.crafting.ShapedRecipe$Serializer.func_199425_a_(ShapedRecipe.java:276) ~[?:?]
	at net.minecraft.item.crafting.ShapedRecipe$Serializer.func_199425_a_(ShapedRecipe.java:272) ~[?:?]
	at net.minecraft.item.crafting.RecipeManager.func_215377_a(RecipeManager.java:141) ~[?:?]
	at net.minecraft.item.crafting.RecipeManager.func_212853_a_(RecipeManager.java:61) ~[?:?]
	at net.minecraft.item.crafting.RecipeManager.func_212853_a_(RecipeManager.java:38) ~[?:?]
	at net.minecraft.client.resources.ReloadListener.func_215269_a(SourceFile:13) ~[?:?]
	at java.util.concurrent.CompletableFuture$UniAccept.tryFire(CompletableFuture.java:714) ~[?:?]
	at java.util.concurrent.CompletableFuture$Completion.run(CompletableFuture.java:478) ~[?:?]
	at net.minecraft.resources.AsyncReloader.func_219557_a(SourceFile:71) ~[?:?]
	at net.minecraft.resources.AsyncReloader.func_219560_a(SourceFile:70) ~[?:?]
	at java.util.concurrent.CompletableFuture$UniCompletion.claim(CompletableFuture.java:568) ~[?:?]
	at java.util.concurrent.CompletableFuture$UniAccept.tryFire(CompletableFuture.java:710) ~[?:?]
	at java.util.concurrent.CompletableFuture.postComplete(CompletableFuture.java:506) ~[?:?]
	at java.util.concurrent.CompletableFuture.postFire(CompletableFuture.java:610) ~[?:?]
	at java.util.concurrent.CompletableFuture$UniAccept.tryFire(CompletableFuture.java:722) ~[?:?]
	at java.util.concurrent.CompletableFuture$Completion.run(CompletableFuture.java:478) ~[?:?]
	at net.minecraft.resources.AsyncReloader.func_219557_a(SourceFile:71) ~[?:?]
	at net.minecraft.resources.AsyncReloader.func_219560_a(SourceFile:70) ~[?:?]
	at java.util.concurrent.CompletableFuture$UniCompletion.claim(CompletableFuture.java:568) ~[?:?]
	at java.util.concurrent.CompletableFuture$UniAccept.tryFire(CompletableFuture.java:710) ~[?:?]
	at java.util.concurrent.CompletableFuture.postComplete(CompletableFuture.java:506) ~[?:?]
	at java.util.concurrent.CompletableFuture.postFire(CompletableFuture.java:610) ~[?:?]
	at java.util.concurrent.CompletableFuture$UniAccept.tryFire(CompletableFuture.java:722) ~[?:?]
	at java.util.concurrent.CompletableFuture$Completion.run(CompletableFuture.java:478) ~[?:?]
	at net.minecraft.resources.AsyncReloader.func_219557_a(SourceFile:71) ~[?:?]
	at net.minecraft.resources.AsyncReloader.func_219560_a(SourceFile:70) ~[?:?]
	at java.util.concurrent.CompletableFuture$UniCompletion.claim(CompletableFuture.java:568) ~[?:?]
	at java.util.concurrent.CompletableFuture$UniAccept.tryFire(CompletableFuture.java:710) ~[?:?]
	at java.util.concurrent.CompletableFuture.postComplete(CompletableFuture.java:506) ~[?:?]
	at java.util.concurrent.CompletableFuture.postFire(CompletableFuture.java:610) ~[?:?]
	at java.util.concurrent.CompletableFuture$UniAccept.tryFire(CompletableFuture.java:722) ~[?:?]
	at java.util.concurrent.CompletableFuture$Completion.run(CompletableFuture.java:478) ~[?:?]
	at net.minecraft.resources.AsyncReloader.func_219557_a(SourceFile:71) ~[?:?]
	at net.minecraft.resources.AsyncReloader.func_219560_a(SourceFile:70) ~[?:?]
	at java.util.concurrent.CompletableFuture$UniCompletion.claim(CompletableFuture.java:568) ~[?:?]
	at java.util.concurrent.CompletableFuture$UniAccept.tryFire(CompletableFuture.java:710) ~[?:?]
	at java.util.concurrent.CompletableFuture.postComplete(CompletableFuture.java:506) ~[?:?]
	at java.util.concurrent.CompletableFuture.complete(CompletableFuture.java:2079) ~[?:?]
	at net.minecraft.resources.AsyncReloader$1.func_216873_a(SourceFile:53) ~[?:?]
	at net.minecraft.resources.AsyncReloader$1.func_216872_a(SourceFile:50) ~[?:?]
	at java.util.concurrent.CompletableFuture$UniCompose.tryFire(CompletableFuture.java:1072) [?:?]
	at java.util.concurrent.CompletableFuture.postComplete(CompletableFuture.java:506) [?:?]
	at java.util.concurrent.CompletableFuture$AsyncSupply.run(CompletableFuture.java:1705) [?:?]
	at java.util.concurrent.CompletableFuture$AsyncSupply.exec(CompletableFuture.java:1692) [?:?]
	at java.util.concurrent.ForkJoinTask.doExec(ForkJoinTask.java:290) [?:?]
	at java.util.concurrent.ForkJoinPool$WorkQueue.topLevelExec(ForkJoinPool.java:1020) [?:?]
	at java.util.concurrent.ForkJoinPool.scan(ForkJoinPool.java:1656) [?:?]
	at java.util.concurrent.ForkJoinPool.runWorker(ForkJoinPool.java:1594) [?:?]
	at java.util.concurrent.ForkJoinWorkerThread.run(ForkJoinWorkerThread.java:183) [?:?]
[23Mar2025 00:47:08.591] [Worker-Main-6/ERROR] [net.minecraft.item.crafting.RecipeManager/]: Parsing error loading recipe useless_sword:elven_stripper_recipe
com.google.gson.JsonSyntaxException: Unknown item 'botania:dragonstone'
	at net.minecraft.item.crafting.Ingredient.lambda$valueFromJson$11(Ingredient.java:216) ~[?:?]
	at java.util.Optional.orElseThrow(Optional.java:408) ~[?:?]
	at net.minecraft.item.crafting.Ingredient.func_199803_a(Ingredient.java:215) ~[?:?]
	at net.minecraftforge.common.crafting.VanillaIngredientSerializer.parse(VanillaIngredientSerializer.java:27) ~[forge:?]
	at net.minecraftforge.common.crafting.CraftingHelper.getIngredient(CraftingHelper.java:141) ~[forge:?]
	at net.minecraft.item.crafting.Ingredient.func_199802_a(Ingredient.java:189) ~[?:?]
	at net.minecraft.item.crafting.ShapedRecipe.func_192408_a(ShapedRecipe.java:252) ~[?:?]
	at net.minecraft.item.crafting.ShapedRecipe.access$000(ShapedRecipe.java:24) ~[?:?]
	at net.minecraft.item.crafting.ShapedRecipe$Serializer.func_199425_a_(ShapedRecipe.java:276) ~[?:?]
	at net.minecraft.item.crafting.ShapedRecipe$Serializer.func_199425_a_(ShapedRecipe.java:272) ~[?:?]
	at net.minecraft.item.crafting.RecipeManager.func_215377_a(RecipeManager.java:141) ~[?:?]
	at net.minecraft.item.crafting.RecipeManager.func_212853_a_(RecipeManager.java:61) ~[?:?]
	at net.minecraft.item.crafting.RecipeManager.func_212853_a_(RecipeManager.java:38) ~[?:?]
	at net.minecraft.client.resources.ReloadListener.func_215269_a(SourceFile:13) ~[?:?]
	at java.util.concurrent.CompletableFuture$UniAccept.tryFire(CompletableFuture.java:714) ~[?:?]
	at java.util.concurrent.CompletableFuture$Completion.run(CompletableFuture.java:478) ~[?:?]
	at net.minecraft.resources.AsyncReloader.func_219557_a(SourceFile:71) ~[?:?]
	at net.minecraft.resources.AsyncReloader.func_219560_a(SourceFile:70) ~[?:?]
	at java.util.concurrent.CompletableFuture$UniCompletion.claim(CompletableFuture.java:568) ~[?:?]
	at java.util.concurrent.CompletableFuture$UniAccept.tryFire(CompletableFuture.java:710) ~[?:?]
	at java.util.concurrent.CompletableFuture.postComplete(CompletableFuture.java:506) ~[?:?]
	at java.util.concurrent.CompletableFuture.postFire(CompletableFuture.java:610) ~[?:?]
	at java.util.concurrent.CompletableFuture$UniAccept.tryFire(CompletableFuture.java:722) ~[?:?]
	at java.util.concurrent.CompletableFuture$Completion.run(CompletableFuture.java:478) ~[?:?]
	at net.minecraft.resources.AsyncReloader.func_219557_a(SourceFile:71) ~[?:?]
	at net.minecraft.resources.AsyncReloader.func_219560_a(SourceFile:70) ~[?:?]
	at java.util.concurrent.CompletableFuture$UniCompletion.claim(CompletableFuture.java:568) ~[?:?]
	at java.util.concurrent.CompletableFuture$UniAccept.tryFire(CompletableFuture.java:710) ~[?:?]
	at java.util.concurrent.CompletableFuture.postComplete(CompletableFuture.java:506) ~[?:?]
	at java.util.concurrent.CompletableFuture.postFire(CompletableFuture.java:610) ~[?:?]
	at java.util.concurrent.CompletableFuture$UniAccept.tryFire(CompletableFuture.java:722) ~[?:?]
	at java.util.concurrent.CompletableFuture$Completion.run(CompletableFuture.java:478) ~[?:?]
	at net.minecraft.resources.AsyncReloader.func_219557_a(SourceFile:71) ~[?:?]
	at net.minecraft.resources.AsyncReloader.func_219560_a(SourceFile:70) ~[?:?]
	at java.util.concurrent.CompletableFuture$UniCompletion.claim(CompletableFuture.java:568) ~[?:?]
	at java.util.concurrent.CompletableFuture$UniAccept.tryFire(CompletableFuture.java:710) ~[?:?]
	at java.util.concurrent.CompletableFuture.postComplete(CompletableFuture.java:506) ~[?:?]
	at java.util.concurrent.CompletableFuture.postFire(CompletableFuture.java:610) ~[?:?]
	at java.util.concurrent.CompletableFuture$UniAccept.tryFire(CompletableFuture.java:722) ~[?:?]
	at java.util.concurrent.CompletableFuture$Completion.run(CompletableFuture.java:478) ~[?:?]
	at net.minecraft.resources.AsyncReloader.func_219557_a(SourceFile:71) ~[?:?]
	at net.minecraft.resources.AsyncReloader.func_219560_a(SourceFile:70) ~[?:?]
	at java.util.concurrent.CompletableFuture$UniCompletion.claim(CompletableFuture.java:568) ~[?:?]
	at java.util.concurrent.CompletableFuture$UniAccept.tryFire(CompletableFuture.java:710) ~[?:?]
	at java.util.concurrent.CompletableFuture.postComplete(CompletableFuture.java:506) ~[?:?]
	at java.util.concurrent.CompletableFuture.complete(CompletableFuture.java:2079) ~[?:?]
	at net.minecraft.resources.AsyncReloader$1.func_216873_a(SourceFile:53) ~[?:?]
	at net.minecraft.resources.AsyncReloader$1.func_216872_a(SourceFile:50) ~[?:?]
	at java.util.concurrent.CompletableFuture$UniCompose.tryFire(CompletableFuture.java:1072) [?:?]
	at java.util.concurrent.CompletableFuture.postComplete(CompletableFuture.java:506) [?:?]
	at java.util.concurrent.CompletableFuture$AsyncSupply.run(CompletableFuture.java:1705) [?:?]
	at java.util.concurrent.CompletableFuture$AsyncSupply.exec(CompletableFuture.java:1692) [?:?]
	at java.util.concurrent.ForkJoinTask.doExec(ForkJoinTask.java:290) [?:?]
	at java.util.concurrent.ForkJoinPool$WorkQueue.topLevelExec(ForkJoinPool.java:1020) [?:?]
	at java.util.concurrent.ForkJoinPool.scan(ForkJoinPool.java:1656) [?:?]
	at java.util.concurrent.ForkJoinPool.runWorker(ForkJoinPool.java:1594) [?:?]
	at java.util.concurrent.ForkJoinWorkerThread.run(ForkJoinWorkerThread.java:183) [?:?]
[23Mar2025 00:47:08.882] [Worker-Main-6/ERROR] [net.minecraft.item.crafting.RecipeManager/]: Parsing error loading recipe useless_sword:ravager_sword_craft_2
com.google.gson.JsonSyntaxException: Unknown item 'quark:ravager_hide'
	at net.minecraft.item.crafting.Ingredient.lambda$valueFromJson$11(Ingredient.java:216) ~[?:?]
	at java.util.Optional.orElseThrow(Optional.java:408) ~[?:?]
	at net.minecraft.item.crafting.Ingredient.func_199803_a(Ingredient.java:215) ~[?:?]
	at net.minecraftforge.common.crafting.VanillaIngredientSerializer.parse(VanillaIngredientSerializer.java:27) ~[forge:?]
	at net.minecraftforge.common.crafting.CraftingHelper.getIngredient(CraftingHelper.java:141) ~[forge:?]
	at net.minecraft.item.crafting.Ingredient.func_199802_a(Ingredient.java:189) ~[?:?]
	at net.minecraft.item.crafting.ShapedRecipe.func_192408_a(ShapedRecipe.java:252) ~[?:?]
	at net.minecraft.item.crafting.ShapedRecipe.access$000(ShapedRecipe.java:24) ~[?:?]
	at net.minecraft.item.crafting.ShapedRecipe$Serializer.func_199425_a_(ShapedRecipe.java:276) ~[?:?]
	at net.minecraft.item.crafting.ShapedRecipe$Serializer.func_199425_a_(ShapedRecipe.java:272) ~[?:?]
	at net.minecraft.item.crafting.RecipeManager.func_215377_a(RecipeManager.java:141) ~[?:?]
	at net.minecraft.item.crafting.RecipeManager.func_212853_a_(RecipeManager.java:61) ~[?:?]
	at net.minecraft.item.crafting.RecipeManager.func_212853_a_(RecipeManager.java:38) ~[?:?]
	at net.minecraft.client.resources.ReloadListener.func_215269_a(SourceFile:13) ~[?:?]
	at java.util.concurrent.CompletableFuture$UniAccept.tryFire(CompletableFuture.java:714) ~[?:?]
	at java.util.concurrent.CompletableFuture$Completion.run(CompletableFuture.java:478) ~[?:?]
	at net.minecraft.resources.AsyncReloader.func_219557_a(SourceFile:71) ~[?:?]
	at net.minecraft.resources.AsyncReloader.func_219560_a(SourceFile:70) ~[?:?]
	at java.util.concurrent.CompletableFuture$UniCompletion.claim(CompletableFuture.java:568) ~[?:?]
	at java.util.concurrent.CompletableFuture$UniAccept.tryFire(CompletableFuture.java:710) ~[?:?]
	at java.util.concurrent.CompletableFuture.postComplete(CompletableFuture.java:506) ~[?:?]
	at java.util.concurrent.CompletableFuture.postFire(CompletableFuture.java:610) ~[?:?]
	at java.util.concurrent.CompletableFuture$UniAccept.tryFire(CompletableFuture.java:722) ~[?:?]
	at java.util.concurrent.CompletableFuture$Completion.run(CompletableFuture.java:478) ~[?:?]
	at net.minecraft.resources.AsyncReloader.func_219557_a(SourceFile:71) ~[?:?]
	at net.minecraft.resources.AsyncReloader.func_219560_a(SourceFile:70) ~[?:?]
	at java.util.concurrent.CompletableFuture$UniCompletion.claim(CompletableFuture.java:568) ~[?:?]
	at java.util.concurrent.CompletableFuture$UniAccept.tryFire(CompletableFuture.java:710) ~[?:?]
	at java.util.concurrent.CompletableFuture.postComplete(CompletableFuture.java:506) ~[?:?]
	at java.util.concurrent.CompletableFuture.postFire(CompletableFuture.java:610) ~[?:?]
	at java.util.concurrent.CompletableFuture$UniAccept.tryFire(CompletableFuture.java:722) ~[?:?]
	at java.util.concurrent.CompletableFuture$Completion.run(CompletableFuture.java:478) ~[?:?]
	at net.minecraft.resources.AsyncReloader.func_219557_a(SourceFile:71) ~[?:?]
	at net.minecraft.resources.AsyncReloader.func_219560_a(SourceFile:70) ~[?:?]
	at java.util.concurrent.CompletableFuture$UniCompletion.claim(CompletableFuture.java:568) ~[?:?]
	at java.util.concurrent.CompletableFuture$UniAccept.tryFire(CompletableFuture.java:710) ~[?:?]
	at java.util.concurrent.CompletableFuture.postComplete(CompletableFuture.java:506) ~[?:?]
	at java.util.concurrent.CompletableFuture.postFire(CompletableFuture.java:610) ~[?:?]
	at java.util.concurrent.CompletableFuture$UniAccept.tryFire(CompletableFuture.java:722) ~[?:?]
	at java.util.concurrent.CompletableFuture$Completion.run(CompletableFuture.java:478) ~[?:?]
	at net.minecraft.resources.AsyncReloader.func_219557_a(SourceFile:71) ~[?:?]
	at net.minecraft.resources.AsyncReloader.func_219560_a(SourceFile:70) ~[?:?]
	at java.util.concurrent.CompletableFuture$UniCompletion.claim(CompletableFuture.java:568) ~[?:?]
	at java.util.concurrent.CompletableFuture$UniAccept.tryFire(CompletableFuture.java:710) ~[?:?]
	at java.util.concurrent.CompletableFuture.postComplete(CompletableFuture.java:506) ~[?:?]
	at java.util.concurrent.CompletableFuture.complete(CompletableFuture.java:2079) ~[?:?]
	at net.minecraft.resources.AsyncReloader$1.func_216873_a(SourceFile:53) ~[?:?]
	at net.minecraft.resources.AsyncReloader$1.func_216872_a(SourceFile:50) ~[?:?]
	at java.util.concurrent.CompletableFuture$UniCompose.tryFire(CompletableFuture.java:1072) [?:?]
	at java.util.concurrent.CompletableFuture.postComplete(CompletableFuture.java:506) [?:?]
	at java.util.concurrent.CompletableFuture$AsyncSupply.run(CompletableFuture.java:1705) [?:?]
	at java.util.concurrent.CompletableFuture$AsyncSupply.exec(CompletableFuture.java:1692) [?:?]
	at java.util.concurrent.ForkJoinTask.doExec(ForkJoinTask.java:290) [?:?]
	at java.util.concurrent.ForkJoinPool$WorkQueue.topLevelExec(ForkJoinPool.java:1020) [?:?]
	at java.util.concurrent.ForkJoinPool.scan(ForkJoinPool.java:1656) [?:?]
	at java.util.concurrent.ForkJoinPool.runWorker(ForkJoinPool.java:1594) [?:?]
	at java.util.concurrent.ForkJoinWorkerThread.run(ForkJoinWorkerThread.java:183) [?:?]
[23Mar2025 00:47:08.894] [Worker-Main-6/INFO] [net.minecraft.item.crafting.RecipeManager/]: Skipping loading recipe supplementaries:stone_tile_vertical_slab as it's serializer returned null
[23Mar2025 00:47:08.928] [Worker-Main-6/ERROR] [net.minecraft.item.crafting.RecipeManager/]: Parsing error loading recipe useless_sword:terra_bladed_chakram_recipe
com.google.gson.JsonSyntaxException: Unknown item 'botania:terrasteel_ingot'
	at net.minecraft.item.crafting.Ingredient.lambda$valueFromJson$11(Ingredient.java:216) ~[?:?]
	at java.util.Optional.orElseThrow(Optional.java:408) ~[?:?]
	at net.minecraft.item.crafting.Ingredient.func_199803_a(Ingredient.java:215) ~[?:?]
	at net.minecraftforge.common.crafting.VanillaIngredientSerializer.parse(VanillaIngredientSerializer.java:27) ~[forge:?]
	at net.minecraftforge.common.crafting.CraftingHelper.getIngredient(CraftingHelper.java:141) ~[forge:?]
	at net.minecraft.item.crafting.Ingredient.func_199802_a(Ingredient.java:189) ~[?:?]
	at net.minecraft.item.crafting.ShapedRecipe.func_192408_a(ShapedRecipe.java:252) ~[?:?]
	at net.minecraft.item.crafting.ShapedRecipe.access$000(ShapedRecipe.java:24) ~[?:?]
	at net.minecraft.item.crafting.ShapedRecipe$Serializer.func_199425_a_(ShapedRecipe.java:276) ~[?:?]
	at net.minecraft.item.crafting.ShapedRecipe$Serializer.func_199425_a_(ShapedRecipe.java:272) ~[?:?]
	at net.minecraft.item.crafting.RecipeManager.func_215377_a(RecipeManager.java:141) ~[?:?]
	at net.minecraft.item.crafting.RecipeManager.func_212853_a_(RecipeManager.java:61) ~[?:?]
	at net.minecraft.item.crafting.RecipeManager.func_212853_a_(RecipeManager.java:38) ~[?:?]
	at net.minecraft.client.resources.ReloadListener.func_215269_a(SourceFile:13) ~[?:?]
	at java.util.concurrent.CompletableFuture$UniAccept.tryFire(CompletableFuture.java:714) ~[?:?]
	at java.util.concurrent.CompletableFuture$Completion.run(CompletableFuture.java:478) ~[?:?]
	at net.minecraft.resources.AsyncReloader.func_219557_a(SourceFile:71) ~[?:?]
	at net.minecraft.resources.AsyncReloader.func_219560_a(SourceFile:70) ~[?:?]
	at java.util.concurrent.CompletableFuture$UniCompletion.claim(CompletableFuture.java:568) ~[?:?]
	at java.util.concurrent.CompletableFuture$UniAccept.tryFire(CompletableFuture.java:710) ~[?:?]
	at java.util.concurrent.CompletableFuture.postComplete(CompletableFuture.java:506) ~[?:?]
	at java.util.concurrent.CompletableFuture.postFire(CompletableFuture.java:610) ~[?:?]
	at java.util.concurrent.CompletableFuture$UniAccept.tryFire(CompletableFuture.java:722) ~[?:?]
	at java.util.concurrent.CompletableFuture$Completion.run(CompletableFuture.java:478) ~[?:?]
	at net.minecraft.resources.AsyncReloader.func_219557_a(SourceFile:71) ~[?:?]
	at net.minecraft.resources.AsyncReloader.func_219560_a(SourceFile:70) ~[?:?]
	at java.util.concurrent.CompletableFuture$UniCompletion.claim(CompletableFuture.java:568) ~[?:?]
	at java.util.concurrent.CompletableFuture$UniAccept.tryFire(CompletableFuture.java:710) ~[?:?]
	at java.util.concurrent.CompletableFuture.postComplete(CompletableFuture.java:506) ~[?:?]
	at java.util.concurrent.CompletableFuture.postFire(CompletableFuture.java:610) ~[?:?]
	at java.util.concurrent.CompletableFuture$UniAccept.tryFire(CompletableFuture.java:722) ~[?:?]
	at java.util.concurrent.CompletableFuture$Completion.run(CompletableFuture.java:478) ~[?:?]
	at net.minecraft.resources.AsyncReloader.func_219557_a(SourceFile:71) ~[?:?]
	at net.minecraft.resources.AsyncReloader.func_219560_a(SourceFile:70) ~[?:?]
	at java.util.concurrent.CompletableFuture$UniCompletion.claim(CompletableFuture.java:568) ~[?:?]
	at java.util.concurrent.CompletableFuture$UniAccept.tryFire(CompletableFuture.java:710) ~[?:?]
	at java.util.concurrent.CompletableFuture.postComplete(CompletableFuture.java:506) ~[?:?]
	at java.util.concurrent.CompletableFuture.postFire(CompletableFuture.java:610) ~[?:?]
	at java.util.concurrent.CompletableFuture$UniAccept.tryFire(CompletableFuture.java:722) ~[?:?]
	at java.util.concurrent.CompletableFuture$Completion.run(CompletableFuture.java:478) ~[?:?]
	at net.minecraft.resources.AsyncReloader.func_219557_a(SourceFile:71) ~[?:?]
	at net.minecraft.resources.AsyncReloader.func_219560_a(SourceFile:70) ~[?:?]
	at java.util.concurrent.CompletableFuture$UniCompletion.claim(CompletableFuture.java:568) ~[?:?]
	at java.util.concurrent.CompletableFuture$UniAccept.tryFire(CompletableFuture.java:710) ~[?:?]
	at java.util.concurrent.CompletableFuture.postComplete(CompletableFuture.java:506) ~[?:?]
	at java.util.concurrent.CompletableFuture.complete(CompletableFuture.java:2079) ~[?:?]
	at net.minecraft.resources.AsyncReloader$1.func_216873_a(SourceFile:53) ~[?:?]
	at net.minecraft.resources.AsyncReloader$1.func_216872_a(SourceFile:50) ~[?:?]
	at java.util.concurrent.CompletableFuture$UniCompose.tryFire(CompletableFuture.java:1072) [?:?]
	at java.util.concurrent.CompletableFuture.postComplete(CompletableFuture.java:506) [?:?]
	at java.util.concurrent.CompletableFuture$AsyncSupply.run(CompletableFuture.java:1705) [?:?]
	at java.util.concurrent.CompletableFuture$AsyncSupply.exec(CompletableFuture.java:1692) [?:?]
	at java.util.concurrent.ForkJoinTask.doExec(ForkJoinTask.java:290) [?:?]
	at java.util.concurrent.ForkJoinPool$WorkQueue.topLevelExec(ForkJoinPool.java:1020) [?:?]
	at java.util.concurrent.ForkJoinPool.scan(ForkJoinPool.java:1656) [?:?]
	at java.util.concurrent.ForkJoinPool.runWorker(ForkJoinPool.java:1594) [?:?]
	at java.util.concurrent.ForkJoinWorkerThread.run(ForkJoinWorkerThread.java:183) [?:?]
[23Mar2025 00:47:08.930] [Worker-Main-6/ERROR] [net.minecraft.item.crafting.RecipeManager/]: Parsing error loading recipe useless_sword:griefer_striker_recipe
com.google.gson.JsonSyntaxException: Unknown item 'savageandravage:blast_proof_plating'
	at net.minecraft.item.crafting.Ingredient.lambda$valueFromJson$11(Ingredient.java:216) ~[?:?]
	at java.util.Optional.orElseThrow(Optional.java:408) ~[?:?]
	at net.minecraft.item.crafting.Ingredient.func_199803_a(Ingredient.java:215) ~[?:?]
	at net.minecraftforge.common.crafting.VanillaIngredientSerializer.parse(VanillaIngredientSerializer.java:27) ~[forge:?]
	at net.minecraftforge.common.crafting.CraftingHelper.getIngredient(CraftingHelper.java:141) ~[forge:?]
	at net.minecraft.item.crafting.Ingredient.func_199802_a(Ingredient.java:189) ~[?:?]
	at net.minecraft.item.crafting.ShapedRecipe.func_192408_a(ShapedRecipe.java:252) ~[?:?]
	at net.minecraft.item.crafting.ShapedRecipe.access$000(ShapedRecipe.java:24) ~[?:?]
	at net.minecraft.item.crafting.ShapedRecipe$Serializer.func_199425_a_(ShapedRecipe.java:276) ~[?:?]
	at net.minecraft.item.crafting.ShapedRecipe$Serializer.func_199425_a_(ShapedRecipe.java:272) ~[?:?]
	at net.minecraft.item.crafting.RecipeManager.func_215377_a(RecipeManager.java:141) ~[?:?]
	at net.minecraft.item.crafting.RecipeManager.func_212853_a_(RecipeManager.java:61) ~[?:?]
	at net.minecraft.item.crafting.RecipeManager.func_212853_a_(RecipeManager.java:38) ~[?:?]
	at net.minecraft.client.resources.ReloadListener.func_215269_a(SourceFile:13) ~[?:?]
	at java.util.concurrent.CompletableFuture$UniAccept.tryFire(CompletableFuture.java:714) ~[?:?]
	at java.util.concurrent.CompletableFuture$Completion.run(CompletableFuture.java:478) ~[?:?]
	at net.minecraft.resources.AsyncReloader.func_219557_a(SourceFile:71) ~[?:?]
	at net.minecraft.resources.AsyncReloader.func_219560_a(SourceFile:70) ~[?:?]
	at java.util.concurrent.CompletableFuture$UniCompletion.claim(CompletableFuture.java:568) ~[?:?]
	at java.util.concurrent.CompletableFuture$UniAccept.tryFire(CompletableFuture.java:710) ~[?:?]
	at java.util.concurrent.CompletableFuture.postComplete(CompletableFuture.java:506) ~[?:?]
	at java.util.concurrent.CompletableFuture.postFire(CompletableFuture.java:610) ~[?:?]
	at java.util.concurrent.CompletableFuture$UniAccept.tryFire(CompletableFuture.java:722) ~[?:?]
	at java.util.concurrent.CompletableFuture$Completion.run(CompletableFuture.java:478) ~[?:?]
	at net.minecraft.resources.AsyncReloader.func_219557_a(SourceFile:71) ~[?:?]
	at net.minecraft.resources.AsyncReloader.func_219560_a(SourceFile:70) ~[?:?]
	at java.util.concurrent.CompletableFuture$UniCompletion.claim(CompletableFuture.java:568) ~[?:?]
	at java.util.concurrent.CompletableFuture$UniAccept.tryFire(CompletableFuture.java:710) ~[?:?]
	at java.util.concurrent.CompletableFuture.postComplete(CompletableFuture.java:506) ~[?:?]
	at java.util.concurrent.CompletableFuture.postFire(CompletableFuture.java:610) ~[?:?]
	at java.util.concurrent.CompletableFuture$UniAccept.tryFire(CompletableFuture.java:722) ~[?:?]
	at java.util.concurrent.CompletableFuture$Completion.run(CompletableFuture.java:478) ~[?:?]
	at net.minecraft.resources.AsyncReloader.func_219557_a(SourceFile:71) ~[?:?]
	at net.minecraft.resources.AsyncReloader.func_219560_a(SourceFile:70) ~[?:?]
	at java.util.concurrent.CompletableFuture$UniCompletion.claim(CompletableFuture.java:568) ~[?:?]
	at java.util.concurrent.CompletableFuture$UniAccept.tryFire(CompletableFuture.java:710) ~[?:?]
	at java.util.concurrent.CompletableFuture.postComplete(CompletableFuture.java:506) ~[?:?]
	at java.util.concurrent.CompletableFuture.postFire(CompletableFuture.java:610) ~[?:?]
	at java.util.concurrent.CompletableFuture$UniAccept.tryFire(CompletableFuture.java:722) ~[?:?]
	at java.util.concurrent.CompletableFuture$Completion.run(CompletableFuture.java:478) ~[?:?]
	at net.minecraft.resources.AsyncReloader.func_219557_a(SourceFile:71) ~[?:?]
	at net.minecraft.resources.AsyncReloader.func_219560_a(SourceFile:70) ~[?:?]
	at java.util.concurrent.CompletableFuture$UniCompletion.claim(CompletableFuture.java:568) ~[?:?]
	at java.util.concurrent.CompletableFuture$UniAccept.tryFire(CompletableFuture.java:710) ~[?:?]
	at java.util.concurrent.CompletableFuture.postComplete(CompletableFuture.java:506) ~[?:?]
	at java.util.concurrent.CompletableFuture.complete(CompletableFuture.java:2079) ~[?:?]
	at net.minecraft.resources.AsyncReloader$1.func_216873_a(SourceFile:53) ~[?:?]
	at net.minecraft.resources.AsyncReloader$1.func_216872_a(SourceFile:50) ~[?:?]
	at java.util.concurrent.CompletableFuture$UniCompose.tryFire(CompletableFuture.java:1072) [?:?]
	at java.util.concurrent.CompletableFuture.postComplete(CompletableFuture.java:506) [?:?]
	at java.util.concurrent.CompletableFuture$AsyncSupply.run(CompletableFuture.java:1705) [?:?]
	at java.util.concurrent.CompletableFuture$AsyncSupply.exec(CompletableFuture.java:1692) [?:?]
	at java.util.concurrent.ForkJoinTask.doExec(ForkJoinTask.java:290) [?:?]
	at java.util.concurrent.ForkJoinPool$WorkQueue.topLevelExec(ForkJoinPool.java:1020) [?:?]
	at java.util.concurrent.ForkJoinPool.scan(ForkJoinPool.java:1656) [?:?]
	at java.util.concurrent.ForkJoinPool.runWorker(ForkJoinPool.java:1594) [?:?]
	at java.util.concurrent.ForkJoinWorkerThread.run(ForkJoinWorkerThread.java:183) [?:?]
[23Mar2025 00:47:08.935] [Worker-Main-6/ERROR] [net.minecraft.item.crafting.RecipeManager/]: Parsing error loading recipe useless_sword:chitin_stinger_recipe
com.google.gson.JsonSyntaxException: Unknown item 'druidcraft:chitin'
	at net.minecraft.item.crafting.Ingredient.lambda$valueFromJson$11(Ingredient.java:216) ~[?:?]
	at java.util.Optional.orElseThrow(Optional.java:408) ~[?:?]
	at net.minecraft.item.crafting.Ingredient.func_199803_a(Ingredient.java:215) ~[?:?]
	at net.minecraftforge.common.crafting.VanillaIngredientSerializer.parse(VanillaIngredientSerializer.java:27) ~[forge:?]
	at net.minecraftforge.common.crafting.CraftingHelper.getIngredient(CraftingHelper.java:141) ~[forge:?]
	at net.minecraft.item.crafting.Ingredient.func_199802_a(Ingredient.java:189) ~[?:?]
	at net.minecraft.item.crafting.ShapedRecipe.func_192408_a(ShapedRecipe.java:252) ~[?:?]
	at net.minecraft.item.crafting.ShapedRecipe.access$000(ShapedRecipe.java:24) ~[?:?]
	at net.minecraft.item.crafting.ShapedRecipe$Serializer.func_199425_a_(ShapedRecipe.java:276) ~[?:?]
	at net.minecraft.item.crafting.ShapedRecipe$Serializer.func_199425_a_(ShapedRecipe.java:272) ~[?:?]
	at net.minecraft.item.crafting.RecipeManager.func_215377_a(RecipeManager.java:141) ~[?:?]
	at net.minecraft.item.crafting.RecipeManager.func_212853_a_(RecipeManager.java:61) ~[?:?]
	at net.minecraft.item.crafting.RecipeManager.func_212853_a_(RecipeManager.java:38) ~[?:?]
	at net.minecraft.client.resources.ReloadListener.func_215269_a(SourceFile:13) ~[?:?]
	at java.util.concurrent.CompletableFuture$UniAccept.tryFire(CompletableFuture.java:714) ~[?:?]
	at java.util.concurrent.CompletableFuture$Completion.run(CompletableFuture.java:478) ~[?:?]
	at net.minecraft.resources.AsyncReloader.func_219557_a(SourceFile:71) ~[?:?]
	at net.minecraft.resources.AsyncReloader.func_219560_a(SourceFile:70) ~[?:?]
	at java.util.concurrent.CompletableFuture$UniCompletion.claim(CompletableFuture.java:568) ~[?:?]
	at java.util.concurrent.CompletableFuture$UniAccept.tryFire(CompletableFuture.java:710) ~[?:?]
	at java.util.concurrent.CompletableFuture.postComplete(CompletableFuture.java:506) ~[?:?]
	at java.util.concurrent.CompletableFuture.postFire(CompletableFuture.java:610) ~[?:?]
	at java.util.concurrent.CompletableFuture$UniAccept.tryFire(CompletableFuture.java:722) ~[?:?]
	at java.util.concurrent.CompletableFuture$Completion.run(CompletableFuture.java:478) ~[?:?]
	at net.minecraft.resources.AsyncReloader.func_219557_a(SourceFile:71) ~[?:?]
	at net.minecraft.resources.AsyncReloader.func_219560_a(SourceFile:70) ~[?:?]
	at java.util.concurrent.CompletableFuture$UniCompletion.claim(CompletableFuture.java:568) ~[?:?]
	at java.util.concurrent.CompletableFuture$UniAccept.tryFire(CompletableFuture.java:710) ~[?:?]
	at java.util.concurrent.CompletableFuture.postComplete(CompletableFuture.java:506) ~[?:?]
	at java.util.concurrent.CompletableFuture.postFire(CompletableFuture.java:610) ~[?:?]
	at java.util.concurrent.CompletableFuture$UniAccept.tryFire(CompletableFuture.java:722) ~[?:?]
	at java.util.concurrent.CompletableFuture$Completion.run(CompletableFuture.java:478) ~[?:?]
	at net.minecraft.resources.AsyncReloader.func_219557_a(SourceFile:71) ~[?:?]
	at net.minecraft.resources.AsyncReloader.func_219560_a(SourceFile:70) ~[?:?]
	at java.util.concurrent.CompletableFuture$UniCompletion.claim(CompletableFuture.java:568) ~[?:?]
	at java.util.concurrent.CompletableFuture$UniAccept.tryFire(CompletableFuture.java:710) ~[?:?]
	at java.util.concurrent.CompletableFuture.postComplete(CompletableFuture.java:506) ~[?:?]
	at java.util.concurrent.CompletableFuture.postFire(CompletableFuture.java:610) ~[?:?]
	at java.util.concurrent.CompletableFuture$UniAccept.tryFire(CompletableFuture.java:722) ~[?:?]
	at java.util.concurrent.CompletableFuture$Completion.run(CompletableFuture.java:478) ~[?:?]
	at net.minecraft.resources.AsyncReloader.func_219557_a(SourceFile:71) ~[?:?]
	at net.minecraft.resources.AsyncReloader.func_219560_a(SourceFile:70) ~[?:?]
	at java.util.concurrent.CompletableFuture$UniCompletion.claim(CompletableFuture.java:568) ~[?:?]
	at java.util.concurrent.CompletableFuture$UniAccept.tryFire(CompletableFuture.java:710) ~[?:?]
	at java.util.concurrent.CompletableFuture.postComplete(CompletableFuture.java:506) ~[?:?]
	at java.util.concurrent.CompletableFuture.complete(CompletableFuture.java:2079) ~[?:?]
	at net.minecraft.resources.AsyncReloader$1.func_216873_a(SourceFile:53) ~[?:?]
	at net.minecraft.resources.AsyncReloader$1.func_216872_a(SourceFile:50) ~[?:?]
	at java.util.concurrent.CompletableFuture$UniCompose.tryFire(CompletableFuture.java:1072) [?:?]
	at java.util.concurrent.CompletableFuture.postComplete(CompletableFuture.java:506) [?:?]
	at java.util.concurrent.CompletableFuture$AsyncSupply.run(CompletableFuture.java:1705) [?:?]
	at java.util.concurrent.CompletableFuture$AsyncSupply.exec(CompletableFuture.java:1692) [?:?]
	at java.util.concurrent.ForkJoinTask.doExec(ForkJoinTask.java:290) [?:?]
	at java.util.concurrent.ForkJoinPool$WorkQueue.topLevelExec(ForkJoinPool.java:1020) [?:?]
	at java.util.concurrent.ForkJoinPool.scan(ForkJoinPool.java:1656) [?:?]
	at java.util.concurrent.ForkJoinPool.runWorker(ForkJoinPool.java:1594) [?:?]
	at java.util.concurrent.ForkJoinWorkerThread.run(ForkJoinWorkerThread.java:183) [?:?]
[23Mar2025 00:47:08.940] [Worker-Main-6/ERROR] [net.minecraft.item.crafting.RecipeManager/]: Parsing error loading recipe useless_sword:brass_head_turner_recipe
com.google.gson.JsonSyntaxException: Unknown item 'create:turntable'
	at net.minecraft.item.crafting.Ingredient.lambda$valueFromJson$11(Ingredient.java:216) ~[?:?]
	at java.util.Optional.orElseThrow(Optional.java:408) ~[?:?]
	at net.minecraft.item.crafting.Ingredient.func_199803_a(Ingredient.java:215) ~[?:?]
	at net.minecraftforge.common.crafting.VanillaIngredientSerializer.parse(VanillaIngredientSerializer.java:27) ~[forge:?]
	at net.minecraftforge.common.crafting.CraftingHelper.getIngredient(CraftingHelper.java:141) ~[forge:?]
	at net.minecraft.item.crafting.Ingredient.func_199802_a(Ingredient.java:189) ~[?:?]
	at net.minecraft.item.crafting.ShapedRecipe.func_192408_a(ShapedRecipe.java:252) ~[?:?]
	at net.minecraft.item.crafting.ShapedRecipe.access$000(ShapedRecipe.java:24) ~[?:?]
	at net.minecraft.item.crafting.ShapedRecipe$Serializer.func_199425_a_(ShapedRecipe.java:276) ~[?:?]
	at net.minecraft.item.crafting.ShapedRecipe$Serializer.func_199425_a_(ShapedRecipe.java:272) ~[?:?]
	at net.minecraft.item.crafting.RecipeManager.func_215377_a(RecipeManager.java:141) ~[?:?]
	at net.minecraft.item.crafting.RecipeManager.func_212853_a_(RecipeManager.java:61) ~[?:?]
	at net.minecraft.item.crafting.RecipeManager.func_212853_a_(RecipeManager.java:38) ~[?:?]
	at net.minecraft.client.resources.ReloadListener.func_215269_a(SourceFile:13) ~[?:?]
	at java.util.concurrent.CompletableFuture$UniAccept.tryFire(CompletableFuture.java:714) ~[?:?]
	at java.util.concurrent.CompletableFuture$Completion.run(CompletableFuture.java:478) ~[?:?]
	at net.minecraft.resources.AsyncReloader.func_219557_a(SourceFile:71) ~[?:?]
	at net.minecraft.resources.AsyncReloader.func_219560_a(SourceFile:70) ~[?:?]
	at java.util.concurrent.CompletableFuture$UniCompletion.claim(CompletableFuture.java:568) ~[?:?]
	at java.util.concurrent.CompletableFuture$UniAccept.tryFire(CompletableFuture.java:710) ~[?:?]
	at java.util.concurrent.CompletableFuture.postComplete(CompletableFuture.java:506) ~[?:?]
	at java.util.concurrent.CompletableFuture.postFire(CompletableFuture.java:610) ~[?:?]
	at java.util.concurrent.CompletableFuture$UniAccept.tryFire(CompletableFuture.java:722) ~[?:?]
	at java.util.concurrent.CompletableFuture$Completion.run(CompletableFuture.java:478) ~[?:?]
	at net.minecraft.resources.AsyncReloader.func_219557_a(SourceFile:71) ~[?:?]
	at net.minecraft.resources.AsyncReloader.func_219560_a(SourceFile:70) ~[?:?]
	at java.util.concurrent.CompletableFuture$UniCompletion.claim(CompletableFuture.java:568) ~[?:?]
	at java.util.concurrent.CompletableFuture$UniAccept.tryFire(CompletableFuture.java:710) ~[?:?]
	at java.util.concurrent.CompletableFuture.postComplete(CompletableFuture.java:506) ~[?:?]
	at java.util.concurrent.CompletableFuture.postFire(CompletableFuture.java:610) ~[?:?]
	at java.util.concurrent.CompletableFuture$UniAccept.tryFire(CompletableFuture.java:722) ~[?:?]
	at java.util.concurrent.CompletableFuture$Completion.run(CompletableFuture.java:478) ~[?:?]
	at net.minecraft.resources.AsyncReloader.func_219557_a(SourceFile:71) ~[?:?]
	at net.minecraft.resources.AsyncReloader.func_219560_a(SourceFile:70) ~[?:?]
	at java.util.concurrent.CompletableFuture$UniCompletion.claim(CompletableFuture.java:568) ~[?:?]
	at java.util.concurrent.CompletableFuture$UniAccept.tryFire(CompletableFuture.java:710) ~[?:?]
	at java.util.concurrent.CompletableFuture.postComplete(CompletableFuture.java:506) ~[?:?]
	at java.util.concurrent.CompletableFuture.postFire(CompletableFuture.java:610) ~[?:?]
	at java.util.concurrent.CompletableFuture$UniAccept.tryFire(CompletableFuture.java:722) ~[?:?]
	at java.util.concurrent.CompletableFuture$Completion.run(CompletableFuture.java:478) ~[?:?]
	at net.minecraft.resources.AsyncReloader.func_219557_a(SourceFile:71) ~[?:?]
	at net.minecraft.resources.AsyncReloader.func_219560_a(SourceFile:70) ~[?:?]
	at java.util.concurrent.CompletableFuture$UniCompletion.claim(CompletableFuture.java:568) ~[?:?]
	at java.util.concurrent.CompletableFuture$UniAccept.tryFire(CompletableFuture.java:710) ~[?:?]
	at java.util.concurrent.CompletableFuture.postComplete(CompletableFuture.java:506) ~[?:?]
	at java.util.concurrent.CompletableFuture.complete(CompletableFuture.java:2079) ~[?:?]
	at net.minecraft.resources.AsyncReloader$1.func_216873_a(SourceFile:53) ~[?:?]
	at net.minecraft.resources.AsyncReloader$1.func_216872_a(SourceFile:50) ~[?:?]
	at java.util.concurrent.CompletableFuture$UniCompose.tryFire(CompletableFuture.java:1072) [?:?]
	at java.util.concurrent.CompletableFuture.postComplete(CompletableFuture.java:506) [?:?]
	at java.util.concurrent.CompletableFuture$AsyncSupply.run(CompletableFuture.java:1705) [?:?]
	at java.util.concurrent.CompletableFuture$AsyncSupply.exec(CompletableFuture.java:1692) [?:?]
	at java.util.concurrent.ForkJoinTask.doExec(ForkJoinTask.java:290) [?:?]
	at java.util.concurrent.ForkJoinPool$WorkQueue.topLevelExec(ForkJoinPool.java:1020) [?:?]
	at java.util.concurrent.ForkJoinPool.scan(ForkJoinPool.java:1656) [?:?]
	at java.util.concurrent.ForkJoinPool.runWorker(ForkJoinPool.java:1594) [?:?]
	at java.util.concurrent.ForkJoinWorkerThread.run(ForkJoinWorkerThread.java:183) [?:?]
[23Mar2025 00:47:08.946] [Worker-Main-6/INFO] [net.minecraft.item.crafting.RecipeManager/]: Loaded 14 recipes
[23Mar2025 00:47:08.952] [Worker-Main-6/INFO] [com.minecraftabnormals.abnormals_core.core.AbnormalsCore/]: Advancement Modification Manager has loaded 0 sets of modifiers
[23Mar2025 00:47:12.021] [Worker-Main-6/ERROR] [net.minecraft.loot.LootTableManager/]: Couldn't parse loot table bygonenether:blocks/withered_blackstone_vertical_slab
java.lang.IllegalArgumentException: Can't find block bygonenether:withered_blackstone_vertical_slab
	at net.minecraft.loot.conditions.BlockStateProperty$Serializer.func_227569_a_(SourceFile:79) ~[?:?]
	at java.util.Optional.orElseThrow(Optional.java:408) ~[?:?]
	at net.minecraft.loot.conditions.BlockStateProperty$Serializer.func_230423_a_(SourceFile:79) ~[?:?]
	at net.minecraft.loot.conditions.BlockStateProperty$Serializer.func_230423_a_(SourceFile:68) ~[?:?]
	at net.minecraft.loot.LootTypesManager$Serializer.deserialize(SourceFile:83) ~[?:?]
	at com.google.gson.internal.bind.TreeTypeAdapter.read(TreeTypeAdapter.java:69) ~[server-1.16.5-20210115.111550-extra.jar:?]
	at com.google.gson.internal.bind.TypeAdapterRuntimeTypeWrapper.read(TypeAdapterRuntimeTypeWrapper.java:41) ~[server-1.16.5-20210115.111550-extra.jar:?]
	at com.google.gson.internal.bind.ArrayTypeAdapter.read(ArrayTypeAdapter.java:72) ~[server-1.16.5-20210115.111550-extra.jar:?]
	at com.google.gson.Gson.fromJson(Gson.java:887) ~[server-1.16.5-20210115.111550-extra.jar:?]
	at com.google.gson.Gson.fromJson(Gson.java:952) ~[server-1.16.5-20210115.111550-extra.jar:?]
	at com.google.gson.internal.bind.TreeTypeAdapter$GsonContextImpl.deserialize(TreeTypeAdapter.java:162) ~[server-1.16.5-20210115.111550-extra.jar:?]
	at net.minecraft.util.JSONUtils.func_188179_a(SourceFile:440) ~[?:?]
	at net.minecraft.util.JSONUtils.func_188177_a(SourceFile:456) ~[?:?]
	at net.minecraft.loot.LootFunction$Serializer.func_230423_a_(SourceFile:98) ~[?:?]
	at net.minecraft.loot.LootFunction$Serializer.func_230423_a_(SourceFile:88) ~[?:?]
	at net.minecraft.loot.LootTypesManager$Serializer.deserialize(SourceFile:83) ~[?:?]
	at com.google.gson.internal.bind.TreeTypeAdapter.read(TreeTypeAdapter.java:69) ~[server-1.16.5-20210115.111550-extra.jar:?]
	at com.google.gson.internal.bind.TypeAdapterRuntimeTypeWrapper.read(TypeAdapterRuntimeTypeWrapper.java:41) ~[server-1.16.5-20210115.111550-extra.jar:?]
	at com.google.gson.internal.bind.ArrayTypeAdapter.read(ArrayTypeAdapter.java:72) ~[server-1.16.5-20210115.111550-extra.jar:?]
	at com.google.gson.Gson.fromJson(Gson.java:887) ~[server-1.16.5-20210115.111550-extra.jar:?]
	at com.google.gson.Gson.fromJson(Gson.java:952) ~[server-1.16.5-20210115.111550-extra.jar:?]
	at com.google.gson.internal.bind.TreeTypeAdapter$GsonContextImpl.deserialize(TreeTypeAdapter.java:162) ~[server-1.16.5-20210115.111550-extra.jar:?]
	at net.minecraft.util.JSONUtils.func_188179_a(SourceFile:440) ~[?:?]
	at net.minecraft.util.JSONUtils.func_188177_a(SourceFile:456) ~[?:?]
	at net.minecraft.loot.StandaloneLootEntry$Serializer.func_230421_b_(SourceFile:149) ~[?:?]
	at net.minecraft.loot.StandaloneLootEntry$Serializer.func_230421_b_(SourceFile:129) ~[?:?]
	at net.minecraft.loot.LootEntry$Serializer.func_230423_a_(SourceFile:86) ~[?:?]
	at net.minecraft.loot.LootEntry$Serializer.func_230423_a_(SourceFile:74) ~[?:?]
	at net.minecraft.loot.LootTypesManager$Serializer.deserialize(SourceFile:83) ~[?:?]
	at com.google.gson.internal.bind.TreeTypeAdapter.read(TreeTypeAdapter.java:69) ~[server-1.16.5-20210115.111550-extra.jar:?]
	at com.google.gson.internal.bind.TypeAdapterRuntimeTypeWrapper.read(TypeAdapterRuntimeTypeWrapper.java:41) ~[server-1.16.5-20210115.111550-extra.jar:?]
	at com.google.gson.internal.bind.ArrayTypeAdapter.read(ArrayTypeAdapter.java:72) ~[server-1.16.5-20210115.111550-extra.jar:?]
	at com.google.gson.Gson.fromJson(Gson.java:887) ~[server-1.16.5-20210115.111550-extra.jar:?]
	at com.google.gson.Gson.fromJson(Gson.java:952) ~[server-1.16.5-20210115.111550-extra.jar:?]
	at com.google.gson.internal.bind.TreeTypeAdapter$GsonContextImpl.deserialize(TreeTypeAdapter.java:162) ~[server-1.16.5-20210115.111550-extra.jar:?]
	at net.minecraft.util.JSONUtils.func_188179_a(SourceFile:440) ~[?:?]
	at net.minecraft.util.JSONUtils.func_188174_a(SourceFile:448) ~[?:?]
	at net.minecraft.loot.LootPool$Serializer.deserialize(LootPool.java:183) ~[?:?]
	at net.minecraft.loot.LootPool$Serializer.deserialize(LootPool.java:180) ~[?:?]
	at com.google.gson.internal.bind.TreeTypeAdapter.read(TreeTypeAdapter.java:69) ~[server-1.16.5-20210115.111550-extra.jar:?]
	at com.google.gson.internal.bind.TypeAdapterRuntimeTypeWrapper.read(TypeAdapterRuntimeTypeWrapper.java:41) ~[server-1.16.5-20210115.111550-extra.jar:?]
	at com.google.gson.internal.bind.ArrayTypeAdapter.read(ArrayTypeAdapter.java:72) ~[server-1.16.5-20210115.111550-extra.jar:?]
	at com.google.gson.Gson.fromJson(Gson.java:887) ~[server-1.16.5-20210115.111550-extra.jar:?]
	at com.google.gson.Gson.fromJson(Gson.java:952) ~[server-1.16.5-20210115.111550-extra.jar:?]
	at com.google.gson.internal.bind.TreeTypeAdapter$GsonContextImpl.deserialize(TreeTypeAdapter.java:162) ~[server-1.16.5-20210115.111550-extra.jar:?]
	at net.minecraft.util.JSONUtils.func_188179_a(SourceFile:440) ~[?:?]
	at net.minecraft.util.JSONUtils.func_188177_a(SourceFile:456) ~[?:?]
	at net.minecraft.loot.LootTable$Serializer.deserialize(LootTable.java:252) ~[?:?]
	at net.minecraft.loot.LootTable$Serializer.deserialize(LootTable.java:249) ~[?:?]
	at com.google.gson.internal.bind.TreeTypeAdapter.read(TreeTypeAdapter.java:69) ~[server-1.16.5-20210115.111550-extra.jar:?]
	at com.google.gson.Gson.fromJson(Gson.java:887) ~[server-1.16.5-20210115.111550-extra.jar:?]
	at com.google.gson.Gson.fromJson(Gson.java:952) ~[server-1.16.5-20210115.111550-extra.jar:?]
	at com.google.gson.Gson.fromJson(Gson.java:925) ~[server-1.16.5-20210115.111550-extra.jar:?]
	at net.minecraftforge.common.ForgeHooks.loadLootTable(ForgeHooks.java:874) ~[forge:?]
	at net.minecraft.loot.LootTableManager.lambda$apply$0(LootTableManager.java:40) ~[?:?]
	at java.util.HashMap.forEach(HashMap.java:1337) ~[?:?]
	at net.minecraft.loot.LootTableManager.func_212853_a_(LootTableManager.java:38) ~[?:?]
	at net.minecraft.loot.LootTableManager.func_212853_a_(LootTableManager.java:16) ~[?:?]
	at net.minecraft.client.resources.ReloadListener.func_215269_a(SourceFile:13) ~[?:?]
	at java.util.concurrent.CompletableFuture$UniAccept.tryFire(CompletableFuture.java:714) ~[?:?]
	at java.util.concurrent.CompletableFuture$Completion.run(CompletableFuture.java:478) ~[?:?]
	at net.minecraft.resources.AsyncReloader.func_219557_a(SourceFile:71) ~[?:?]
	at net.minecraft.resources.AsyncReloader.func_219560_a(SourceFile:70) ~[?:?]
	at java.util.concurrent.CompletableFuture$UniCompletion.claim(CompletableFuture.java:568) ~[?:?]
	at java.util.concurrent.CompletableFuture$UniAccept.tryFire(CompletableFuture.java:710) ~[?:?]
	at java.util.concurrent.CompletableFuture.postComplete(CompletableFuture.java:506) ~[?:?]
	at java.util.concurrent.CompletableFuture.postFire(CompletableFuture.java:610) ~[?:?]
	at java.util.concurrent.CompletableFuture$UniAccept.tryFire(CompletableFuture.java:722) ~[?:?]
	at java.util.concurrent.CompletableFuture$Completion.run(CompletableFuture.java:478) ~[?:?]
	at net.minecraft.resources.AsyncReloader.func_219557_a(SourceFile:71) ~[?:?]
	at net.minecraft.resources.AsyncReloader.func_219560_a(SourceFile:70) ~[?:?]
	at java.util.concurrent.CompletableFuture$UniCompletion.claim(CompletableFuture.java:568) ~[?:?]
	at java.util.concurrent.CompletableFuture$UniAccept.tryFire(CompletableFuture.java:710) ~[?:?]
	at java.util.concurrent.CompletableFuture.postComplete(CompletableFuture.java:506) ~[?:?]
	at java.util.concurrent.CompletableFuture.postFire(CompletableFuture.java:610) ~[?:?]
	at java.util.concurrent.CompletableFuture$UniAccept.tryFire(CompletableFuture.java:722) ~[?:?]
	at java.util.concurrent.CompletableFuture$Completion.run(CompletableFuture.java:478) ~[?:?]
	at net.minecraft.resources.AsyncReloader.func_219557_a(SourceFile:71) ~[?:?]
	at net.minecraft.resources.AsyncReloader.func_219560_a(SourceFile:70) ~[?:?]
	at java.util.concurrent.CompletableFuture$UniCompletion.claim(CompletableFuture.java:568) ~[?:?]
	at java.util.concurrent.CompletableFuture$UniAccept.tryFire(CompletableFuture.java:710) ~[?:?]
	at java.util.concurrent.CompletableFuture.postComplete(CompletableFuture.java:506) ~[?:?]
	at java.util.concurrent.CompletableFuture.postFire(CompletableFuture.java:610) ~[?:?]
	at java.util.concurrent.CompletableFuture$UniAccept.tryFire(CompletableFuture.java:722) ~[?:?]
	at java.util.concurrent.CompletableFuture$Completion.run(CompletableFuture.java:478) ~[?:?]
	at net.minecraft.resources.AsyncReloader.func_219557_a(SourceFile:71) ~[?:?]
	at net.minecraft.resources.AsyncReloader.func_219560_a(SourceFile:70) ~[?:?]
	at java.util.concurrent.CompletableFuture$UniCompletion.claim(CompletableFuture.java:568) ~[?:?]
	at java.util.concurrent.CompletableFuture$UniAccept.tryFire(CompletableFuture.java:710) ~[?:?]
	at java.util.concurrent.CompletableFuture.postComplete(CompletableFuture.java:506) ~[?:?]
	at java.util.concurrent.CompletableFuture.postFire(CompletableFuture.java:610) ~[?:?]
	at java.util.concurrent.CompletableFuture$UniAccept.tryFire(CompletableFuture.java:722) ~[?:?]
	at java.util.concurrent.CompletableFuture$Completion.run(CompletableFuture.java:478) ~[?:?]
	at net.minecraft.resources.AsyncReloader.func_219557_a(SourceFile:71) ~[?:?]
	at net.minecraft.resources.AsyncReloader.func_219560_a(SourceFile:70) ~[?:?]
	at java.util.concurrent.CompletableFuture$UniCompletion.claim(CompletableFuture.java:568) ~[?:?]
	at java.util.concurrent.CompletableFuture$UniAccept.tryFire(CompletableFuture.java:710) ~[?:?]
	at java.util.concurrent.CompletableFuture.postComplete(CompletableFuture.java:506) ~[?:?]
	at java.util.concurrent.CompletableFuture.postFire(CompletableFuture.java:610) ~[?:?]
	at java.util.concurrent.CompletableFuture$UniAccept.tryFire(CompletableFuture.java:722) ~[?:?]
	at java.util.concurrent.CompletableFuture$Completion.run(CompletableFuture.java:478) ~[?:?]
	at net.minecraft.resources.AsyncReloader.func_219557_a(SourceFile:71) ~[?:?]
	at net.minecraft.resources.AsyncReloader.func_219560_a(SourceFile:70) ~[?:?]
	at java.util.concurrent.CompletableFuture$UniCompletion.claim(CompletableFuture.java:568) ~[?:?]
	at java.util.concurrent.CompletableFuture$UniAccept.tryFire(CompletableFuture.java:710) ~[?:?]
	at java.util.concurrent.CompletableFuture.postComplete(CompletableFuture.java:506) ~[?:?]
	at java.util.concurrent.CompletableFuture.complete(CompletableFuture.java:2079) ~[?:?]
	at net.minecraft.resources.AsyncReloader$1.func_216873_a(SourceFile:53) ~[?:?]
	at net.minecraft.resources.AsyncReloader$1.func_216872_a(SourceFile:50) ~[?:?]
	at java.util.concurrent.CompletableFuture$UniCompose.tryFire(CompletableFuture.java:1072) [?:?]
	at java.util.concurrent.CompletableFuture.postComplete(CompletableFuture.java:506) [?:?]
	at java.util.concurrent.CompletableFuture$AsyncSupply.run(CompletableFuture.java:1705) [?:?]
	at java.util.concurrent.CompletableFuture$AsyncSupply.exec(CompletableFuture.java:1692) [?:?]
	at java.util.concurrent.ForkJoinTask.doExec(ForkJoinTask.java:290) [?:?]
	at java.util.concurrent.ForkJoinPool$WorkQueue.topLevelExec(ForkJoinPool.java:1020) [?:?]
	at java.util.concurrent.ForkJoinPool.scan(ForkJoinPool.java:1656) [?:?]
	at java.util.concurrent.ForkJoinPool.runWorker(ForkJoinPool.java:1594) [?:?]
	at java.util.concurrent.ForkJoinWorkerThread.run(ForkJoinWorkerThread.java:183) [?:?]
[23Mar2025 00:47:12.457] [Worker-Main-6/ERROR] [net.minecraft.loot.LootTableManager/]: Couldn't parse loot table bygonenether:blocks/cracked_withered_blackstone_vertical_slab
com.google.gson.JsonSyntaxException: Expected name to be an item, was unknown string 'bygonenether:cracked_withered_blackstone_vertical_slab'
	at net.minecraft.util.JSONUtils.func_219793_a(SourceFile:127) ~[?:?]
	at java.util.Optional.orElseThrow(Optional.java:408) ~[?:?]
	at net.minecraft.util.JSONUtils.func_188172_b(SourceFile:127) ~[?:?]
	at net.minecraft.util.JSONUtils.func_188180_i(SourceFile:135) ~[?:?]
	at net.minecraft.loot.ItemLootEntry$Serializer.func_212829_b_(SourceFile:55) ~[?:?]
	at net.minecraft.loot.ItemLootEntry$Serializer.func_212829_b_(SourceFile:40) ~[?:?]
	at net.minecraft.loot.StandaloneLootEntry$Serializer.func_230421_b_(SourceFile:151) ~[?:?]
	at net.minecraft.loot.StandaloneLootEntry$Serializer.func_230421_b_(SourceFile:129) ~[?:?]
	at net.minecraft.loot.LootEntry$Serializer.func_230423_a_(SourceFile:86) ~[?:?]
	at net.minecraft.loot.LootEntry$Serializer.func_230423_a_(SourceFile:74) ~[?:?]
	at net.minecraft.loot.LootTypesManager$Serializer.deserialize(SourceFile:83) ~[?:?]
	at com.google.gson.internal.bind.TreeTypeAdapter.read(TreeTypeAdapter.java:69) ~[server-1.16.5-20210115.111550-extra.jar:?]
	at com.google.gson.internal.bind.TypeAdapterRuntimeTypeWrapper.read(TypeAdapterRuntimeTypeWrapper.java:41) ~[server-1.16.5-20210115.111550-extra.jar:?]
	at com.google.gson.internal.bind.ArrayTypeAdapter.read(ArrayTypeAdapter.java:72) ~[server-1.16.5-20210115.111550-extra.jar:?]
	at com.google.gson.Gson.fromJson(Gson.java:887) ~[server-1.16.5-20210115.111550-extra.jar:?]
	at com.google.gson.Gson.fromJson(Gson.java:952) ~[server-1.16.5-20210115.111550-extra.jar:?]
	at com.google.gson.internal.bind.TreeTypeAdapter$GsonContextImpl.deserialize(TreeTypeAdapter.java:162) ~[server-1.16.5-20210115.111550-extra.jar:?]
	at net.minecraft.util.JSONUtils.func_188179_a(SourceFile:440) ~[?:?]
	at net.minecraft.util.JSONUtils.func_188174_a(SourceFile:448) ~[?:?]
	at net.minecraft.loot.LootPool$Serializer.deserialize(LootPool.java:183) ~[?:?]
	at net.minecraft.loot.LootPool$Serializer.deserialize(LootPool.java:180) ~[?:?]
	at com.google.gson.internal.bind.TreeTypeAdapter.read(TreeTypeAdapter.java:69) ~[server-1.16.5-20210115.111550-extra.jar:?]
	at com.google.gson.internal.bind.TypeAdapterRuntimeTypeWrapper.read(TypeAdapterRuntimeTypeWrapper.java:41) ~[server-1.16.5-20210115.111550-extra.jar:?]
	at com.google.gson.internal.bind.ArrayTypeAdapter.read(ArrayTypeAdapter.java:72) ~[server-1.16.5-20210115.111550-extra.jar:?]
	at com.google.gson.Gson.fromJson(Gson.java:887) ~[server-1.16.5-20210115.111550-extra.jar:?]
	at com.google.gson.Gson.fromJson(Gson.java:952) ~[server-1.16.5-20210115.111550-extra.jar:?]
	at com.google.gson.internal.bind.TreeTypeAdapter$GsonContextImpl.deserialize(TreeTypeAdapter.java:162) ~[server-1.16.5-20210115.111550-extra.jar:?]
	at net.minecraft.util.JSONUtils.func_188179_a(SourceFile:440) ~[?:?]
	at net.minecraft.util.JSONUtils.func_188177_a(SourceFile:456) ~[?:?]
	at net.minecraft.loot.LootTable$Serializer.deserialize(LootTable.java:252) ~[?:?]
	at net.minecraft.loot.LootTable$Serializer.deserialize(LootTable.java:249) ~[?:?]
	at com.google.gson.internal.bind.TreeTypeAdapter.read(TreeTypeAdapter.java:69) ~[server-1.16.5-20210115.111550-extra.jar:?]
	at com.google.gson.Gson.fromJson(Gson.java:887) ~[server-1.16.5-20210115.111550-extra.jar:?]
	at com.google.gson.Gson.fromJson(Gson.java:952) ~[server-1.16.5-20210115.111550-extra.jar:?]
	at com.google.gson.Gson.fromJson(Gson.java:925) ~[server-1.16.5-20210115.111550-extra.jar:?]
	at net.minecraftforge.common.ForgeHooks.loadLootTable(ForgeHooks.java:874) ~[forge:?]
	at net.minecraft.loot.LootTableManager.lambda$apply$0(LootTableManager.java:40) ~[?:?]
	at java.util.HashMap.forEach(HashMap.java:1337) ~[?:?]
	at net.minecraft.loot.LootTableManager.func_212853_a_(LootTableManager.java:38) ~[?:?]
	at net.minecraft.loot.LootTableManager.func_212853_a_(LootTableManager.java:16) ~[?:?]
	at net.minecraft.client.resources.ReloadListener.func_215269_a(SourceFile:13) ~[?:?]
	at java.util.concurrent.CompletableFuture$UniAccept.tryFire(CompletableFuture.java:714) ~[?:?]
	at java.util.concurrent.CompletableFuture$Completion.run(CompletableFuture.java:478) ~[?:?]
	at net.minecraft.resources.AsyncReloader.func_219557_a(SourceFile:71) ~[?:?]
	at net.minecraft.resources.AsyncReloader.func_219560_a(SourceFile:70) ~[?:?]
	at java.util.concurrent.CompletableFuture$UniCompletion.claim(CompletableFuture.java:568) ~[?:?]
	at java.util.concurrent.CompletableFuture$UniAccept.tryFire(CompletableFuture.java:710) ~[?:?]
	at java.util.concurrent.CompletableFuture.postComplete(CompletableFuture.java:506) ~[?:?]
	at java.util.concurrent.CompletableFuture.postFire(CompletableFuture.java:610) ~[?:?]
	at java.util.concurrent.CompletableFuture$UniAccept.tryFire(CompletableFuture.java:722) ~[?:?]
	at java.util.concurrent.CompletableFuture$Completion.run(CompletableFuture.java:478) ~[?:?]
	at net.minecraft.resources.AsyncReloader.func_219557_a(SourceFile:71) ~[?:?]
	at net.minecraft.resources.AsyncReloader.func_219560_a(SourceFile:70) ~[?:?]
	at java.util.concurrent.CompletableFuture$UniCompletion.claim(CompletableFuture.java:568) ~[?:?]
	at java.util.concurrent.CompletableFuture$UniAccept.tryFire(CompletableFuture.java:710) ~[?:?]
	at java.util.concurrent.CompletableFuture.postComplete(CompletableFuture.java:506) ~[?:?]
	at java.util.concurrent.CompletableFuture.postFire(CompletableFuture.java:610) ~[?:?]
	at java.util.concurrent.CompletableFuture$UniAccept.tryFire(CompletableFuture.java:722) ~[?:?]
	at java.util.concurrent.CompletableFuture$Completion.run(CompletableFuture.java:478) ~[?:?]
	at net.minecraft.resources.AsyncReloader.func_219557_a(SourceFile:71) ~[?:?]
	at net.minecraft.resources.AsyncReloader.func_219560_a(SourceFile:70) ~[?:?]
	at java.util.concurrent.CompletableFuture$UniCompletion.claim(CompletableFuture.java:568) ~[?:?]
	at java.util.concurrent.CompletableFuture$UniAccept.tryFire(CompletableFuture.java:710) ~[?:?]
	at java.util.concurrent.CompletableFuture.postComplete(CompletableFuture.java:506) ~[?:?]
	at java.util.concurrent.CompletableFuture.postFire(CompletableFuture.java:610) ~[?:?]
	at java.util.concurrent.CompletableFuture$UniAccept.tryFire(CompletableFuture.java:722) ~[?:?]
	at java.util.concurrent.CompletableFuture$Completion.run(CompletableFuture.java:478) ~[?:?]
	at net.minecraft.resources.AsyncReloader.func_219557_a(SourceFile:71) ~[?:?]
	at net.minecraft.resources.AsyncReloader.func_219560_a(SourceFile:70) ~[?:?]
	at java.util.concurrent.CompletableFuture$UniCompletion.claim(CompletableFuture.java:568) ~[?:?]
	at java.util.concurrent.CompletableFuture$UniAccept.tryFire(CompletableFuture.java:710) ~[?:?]
	at java.util.concurrent.CompletableFuture.postComplete(CompletableFuture.java:506) ~[?:?]
	at java.util.concurrent.CompletableFuture.postFire(CompletableFuture.java:610) ~[?:?]
	at java.util.concurrent.CompletableFuture$UniAccept.tryFire(CompletableFuture.java:722) ~[?:?]
	at java.util.concurrent.CompletableFuture$Completion.run(CompletableFuture.java:478) ~[?:?]
	at net.minecraft.resources.AsyncReloader.func_219557_a(SourceFile:71) ~[?:?]
	at net.minecraft.resources.AsyncReloader.func_219560_a(SourceFile:70) ~[?:?]
	at java.util.concurrent.CompletableFuture$UniCompletion.claim(CompletableFuture.java:568) ~[?:?]
	at java.util.concurrent.CompletableFuture$UniAccept.tryFire(CompletableFuture.java:710) ~[?:?]
	at java.util.concurrent.CompletableFuture.postComplete(CompletableFuture.java:506) ~[?:?]
	at java.util.concurrent.CompletableFuture.postFire(CompletableFuture.java:610) ~[?:?]
	at java.util.concurrent.CompletableFuture$UniAccept.tryFire(CompletableFuture.java:722) ~[?:?]
	at java.util.concurrent.CompletableFuture$Completion.run(CompletableFuture.java:478) ~[?:?]
	at net.minecraft.resources.AsyncReloader.func_219557_a(SourceFile:71) ~[?:?]
	at net.minecraft.resources.AsyncReloader.func_219560_a(SourceFile:70) ~[?:?]
	at java.util.concurrent.CompletableFuture$UniCompletion.claim(CompletableFuture.java:568) ~[?:?]
	at java.util.concurrent.CompletableFuture$UniAccept.tryFire(CompletableFuture.java:710) ~[?:?]
	at java.util.concurrent.CompletableFuture.postComplete(CompletableFuture.java:506) ~[?:?]
	at java.util.concurrent.CompletableFuture.complete(CompletableFuture.java:2079) ~[?:?]
	at net.minecraft.resources.AsyncReloader$1.func_216873_a(SourceFile:53) ~[?:?]
	at net.minecraft.resources.AsyncReloader$1.func_216872_a(SourceFile:50) ~[?:?]
	at java.util.concurrent.CompletableFuture$UniCompose.tryFire(CompletableFuture.java:1072) [?:?]
	at java.util.concurrent.CompletableFuture.postComplete(CompletableFuture.java:506) [?:?]
	at java.util.concurrent.CompletableFuture$AsyncSupply.run(CompletableFuture.java:1705) [?:?]
	at java.util.concurrent.CompletableFuture$AsyncSupply.exec(CompletableFuture.java:1692) [?:?]
	at java.util.concurrent.ForkJoinTask.doExec(ForkJoinTask.java:290) [?:?]
	at java.util.concurrent.ForkJoinPool$WorkQueue.topLevelExec(ForkJoinPool.java:1020) [?:?]
	at java.util.concurrent.ForkJoinPool.scan(ForkJoinPool.java:1656) [?:?]
	at java.util.concurrent.ForkJoinPool.runWorker(ForkJoinPool.java:1594) [?:?]
	at java.util.concurrent.ForkJoinWorkerThread.run(ForkJoinWorkerThread.java:183) [?:?]
[23Mar2025 00:47:12.959] [Worker-Main-6/ERROR] [net.minecraft.loot.LootTableManager/]: Couldn't parse loot table rats:christmas_rat_gifts
com.google.gson.JsonSyntaxException: Expected name to be an item, was unknown string 'rats:rat_diamond'
	at net.minecraft.util.JSONUtils.func_219793_a(SourceFile:127) ~[?:?]
	at java.util.Optional.orElseThrow(Optional.java:408) ~[?:?]
	at net.minecraft.util.JSONUtils.func_188172_b(SourceFile:127) ~[?:?]
	at net.minecraft.util.JSONUtils.func_188180_i(SourceFile:135) ~[?:?]
	at net.minecraft.loot.ItemLootEntry$Serializer.func_212829_b_(SourceFile:55) ~[?:?]
	at net.minecraft.loot.ItemLootEntry$Serializer.func_212829_b_(SourceFile:40) ~[?:?]
	at net.minecraft.loot.StandaloneLootEntry$Serializer.func_230421_b_(SourceFile:151) ~[?:?]
	at net.minecraft.loot.StandaloneLootEntry$Serializer.func_230421_b_(SourceFile:129) ~[?:?]
	at net.minecraft.loot.LootEntry$Serializer.func_230423_a_(SourceFile:86) ~[?:?]
	at net.minecraft.loot.LootEntry$Serializer.func_230423_a_(SourceFile:74) ~[?:?]
	at net.minecraft.loot.LootTypesManager$Serializer.deserialize(SourceFile:83) ~[?:?]
	at com.google.gson.internal.bind.TreeTypeAdapter.read(TreeTypeAdapter.java:69) ~[server-1.16.5-20210115.111550-extra.jar:?]
	at com.google.gson.internal.bind.TypeAdapterRuntimeTypeWrapper.read(TypeAdapterRuntimeTypeWrapper.java:41) ~[server-1.16.5-20210115.111550-extra.jar:?]
	at com.google.gson.internal.bind.ArrayTypeAdapter.read(ArrayTypeAdapter.java:72) ~[server-1.16.5-20210115.111550-extra.jar:?]
	at com.google.gson.Gson.fromJson(Gson.java:887) ~[server-1.16.5-20210115.111550-extra.jar:?]
	at com.google.gson.Gson.fromJson(Gson.java:952) ~[server-1.16.5-20210115.111550-extra.jar:?]
	at com.google.gson.internal.bind.TreeTypeAdapter$GsonContextImpl.deserialize(TreeTypeAdapter.java:162) ~[server-1.16.5-20210115.111550-extra.jar:?]
	at net.minecraft.util.JSONUtils.func_188179_a(SourceFile:440) ~[?:?]
	at net.minecraft.util.JSONUtils.func_188174_a(SourceFile:448) ~[?:?]
	at net.minecraft.loot.LootPool$Serializer.deserialize(LootPool.java:183) ~[?:?]
	at net.minecraft.loot.LootPool$Serializer.deserialize(LootPool.java:180) ~[?:?]
	at com.google.gson.internal.bind.TreeTypeAdapter.read(TreeTypeAdapter.java:69) ~[server-1.16.5-20210115.111550-extra.jar:?]
	at com.google.gson.internal.bind.TypeAdapterRuntimeTypeWrapper.read(TypeAdapterRuntimeTypeWrapper.java:41) ~[server-1.16.5-20210115.111550-extra.jar:?]
	at com.google.gson.internal.bind.ArrayTypeAdapter.read(ArrayTypeAdapter.java:72) ~[server-1.16.5-20210115.111550-extra.jar:?]
	at com.google.gson.Gson.fromJson(Gson.java:887) ~[server-1.16.5-20210115.111550-extra.jar:?]
	at com.google.gson.Gson.fromJson(Gson.java:952) ~[server-1.16.5-20210115.111550-extra.jar:?]
	at com.google.gson.internal.bind.TreeTypeAdapter$GsonContextImpl.deserialize(TreeTypeAdapter.java:162) ~[server-1.16.5-20210115.111550-extra.jar:?]
	at net.minecraft.util.JSONUtils.func_188179_a(SourceFile:440) ~[?:?]
	at net.minecraft.util.JSONUtils.func_188177_a(SourceFile:456) ~[?:?]
	at net.minecraft.loot.LootTable$Serializer.deserialize(LootTable.java:252) ~[?:?]
	at net.minecraft.loot.LootTable$Serializer.deserialize(LootTable.java:249) ~[?:?]
	at com.google.gson.internal.bind.TreeTypeAdapter.read(TreeTypeAdapter.java:69) ~[server-1.16.5-20210115.111550-extra.jar:?]
	at com.google.gson.Gson.fromJson(Gson.java:887) ~[server-1.16.5-20210115.111550-extra.jar:?]
	at com.google.gson.Gson.fromJson(Gson.java:952) ~[server-1.16.5-20210115.111550-extra.jar:?]
	at com.google.gson.Gson.fromJson(Gson.java:925) ~[server-1.16.5-20210115.111550-extra.jar:?]
	at net.minecraftforge.common.ForgeHooks.loadLootTable(ForgeHooks.java:874) ~[forge:?]
	at net.minecraft.loot.LootTableManager.lambda$apply$0(LootTableManager.java:40) ~[?:?]
	at java.util.HashMap.forEach(HashMap.java:1337) ~[?:?]
	at net.minecraft.loot.LootTableManager.func_212853_a_(LootTableManager.java:38) ~[?:?]
	at net.minecraft.loot.LootTableManager.func_212853_a_(LootTableManager.java:16) ~[?:?]
	at net.minecraft.client.resources.ReloadListener.func_215269_a(SourceFile:13) ~[?:?]
	at java.util.concurrent.CompletableFuture$UniAccept.tryFire(CompletableFuture.java:714) ~[?:?]
	at java.util.concurrent.CompletableFuture$Completion.run(CompletableFuture.java:478) ~[?:?]
	at net.minecraft.resources.AsyncReloader.func_219557_a(SourceFile:71) ~[?:?]
	at net.minecraft.resources.AsyncReloader.func_219560_a(SourceFile:70) ~[?:?]
	at java.util.concurrent.CompletableFuture$UniCompletion.claim(CompletableFuture.java:568) ~[?:?]
	at java.util.concurrent.CompletableFuture$UniAccept.tryFire(CompletableFuture.java:710) ~[?:?]
	at java.util.concurrent.CompletableFuture.postComplete(CompletableFuture.java:506) ~[?:?]
	at java.util.concurrent.CompletableFuture.postFire(CompletableFuture.java:610) ~[?:?]
	at java.util.concurrent.CompletableFuture$UniAccept.tryFire(CompletableFuture.java:722) ~[?:?]
	at java.util.concurrent.CompletableFuture$Completion.run(CompletableFuture.java:478) ~[?:?]
	at net.minecraft.resources.AsyncReloader.func_219557_a(SourceFile:71) ~[?:?]
	at net.minecraft.resources.AsyncReloader.func_219560_a(SourceFile:70) ~[?:?]
	at java.util.concurrent.CompletableFuture$UniCompletion.claim(CompletableFuture.java:568) ~[?:?]
	at java.util.concurrent.CompletableFuture$UniAccept.tryFire(CompletableFuture.java:710) ~[?:?]
	at java.util.concurrent.CompletableFuture.postComplete(CompletableFuture.java:506) ~[?:?]
	at java.util.concurrent.CompletableFuture.postFire(CompletableFuture.java:610) ~[?:?]
	at java.util.concurrent.CompletableFuture$UniAccept.tryFire(CompletableFuture.java:722) ~[?:?]
	at java.util.concurrent.CompletableFuture$Completion.run(CompletableFuture.java:478) ~[?:?]
	at net.minecraft.resources.AsyncReloader.func_219557_a(SourceFile:71) ~[?:?]
	at net.minecraft.resources.AsyncReloader.func_219560_a(SourceFile:70) ~[?:?]
	at java.util.concurrent.CompletableFuture$UniCompletion.claim(CompletableFuture.java:568) ~[?:?]
	at java.util.concurrent.CompletableFuture$UniAccept.tryFire(CompletableFuture.java:710) ~[?:?]
	at java.util.concurrent.CompletableFuture.postComplete(CompletableFuture.java:506) ~[?:?]
	at java.util.concurrent.CompletableFuture.postFire(CompletableFuture.java:610) ~[?:?]
	at java.util.concurrent.CompletableFuture$UniAccept.tryFire(CompletableFuture.java:722) ~[?:?]
	at java.util.concurrent.CompletableFuture$Completion.run(CompletableFuture.java:478) ~[?:?]
	at net.minecraft.resources.AsyncReloader.func_219557_a(SourceFile:71) ~[?:?]
	at net.minecraft.resources.AsyncReloader.func_219560_a(SourceFile:70) ~[?:?]
	at java.util.concurrent.CompletableFuture$UniCompletion.claim(CompletableFuture.java:568) ~[?:?]
	at java.util.concurrent.CompletableFuture$UniAccept.tryFire(CompletableFuture.java:710) ~[?:?]
	at java.util.concurrent.CompletableFuture.postComplete(CompletableFuture.java:506) ~[?:?]
	at java.util.concurrent.CompletableFuture.postFire(CompletableFuture.java:610) ~[?:?]
	at java.util.concurrent.CompletableFuture$UniAccept.tryFire(CompletableFuture.java:722) ~[?:?]
	at java.util.concurrent.CompletableFuture$Completion.run(CompletableFuture.java:478) ~[?:?]
	at net.minecraft.resources.AsyncReloader.func_219557_a(SourceFile:71) ~[?:?]
	at net.minecraft.resources.AsyncReloader.func_219560_a(SourceFile:70) ~[?:?]
	at java.util.concurrent.CompletableFuture$UniCompletion.claim(CompletableFuture.java:568) ~[?:?]
	at java.util.concurrent.CompletableFuture$UniAccept.tryFire(CompletableFuture.java:710) ~[?:?]
	at java.util.concurrent.CompletableFuture.postComplete(CompletableFuture.java:506) ~[?:?]
	at java.util.concurrent.CompletableFuture.postFire(CompletableFuture.java:610) ~[?:?]
	at java.util.concurrent.CompletableFuture$UniAccept.tryFire(CompletableFuture.java:722) ~[?:?]
	at java.util.concurrent.CompletableFuture$Completion.run(CompletableFuture.java:478) ~[?:?]
	at net.minecraft.resources.AsyncReloader.func_219557_a(SourceFile:71) ~[?:?]
	at net.minecraft.resources.AsyncReloader.func_219560_a(SourceFile:70) ~[?:?]
	at java.util.concurrent.CompletableFuture$UniCompletion.claim(CompletableFuture.java:568) ~[?:?]
	at java.util.concurrent.CompletableFuture$UniAccept.tryFire(CompletableFuture.java:710) ~[?:?]
	at java.util.concurrent.CompletableFuture.postComplete(CompletableFuture.java:506) ~[?:?]
	at java.util.concurrent.CompletableFuture.complete(CompletableFuture.java:2079) ~[?:?]
	at net.minecraft.resources.AsyncReloader$1.func_216873_a(SourceFile:53) ~[?:?]
	at net.minecraft.resources.AsyncReloader$1.func_216872_a(SourceFile:50) ~[?:?]
	at java.util.concurrent.CompletableFuture$UniCompose.tryFire(CompletableFuture.java:1072) [?:?]
	at java.util.concurrent.CompletableFuture.postComplete(CompletableFuture.java:506) [?:?]
	at java.util.concurrent.CompletableFuture$AsyncSupply.run(CompletableFuture.java:1705) [?:?]
	at java.util.concurrent.CompletableFuture$AsyncSupply.exec(CompletableFuture.java:1692) [?:?]
	at java.util.concurrent.ForkJoinTask.doExec(ForkJoinTask.java:290) [?:?]
	at java.util.concurrent.ForkJoinPool$WorkQueue.topLevelExec(ForkJoinPool.java:1020) [?:?]
	at java.util.concurrent.ForkJoinPool.scan(ForkJoinPool.java:1656) [?:?]
	at java.util.concurrent.ForkJoinPool.runWorker(ForkJoinPool.java:1594) [?:?]
	at java.util.concurrent.ForkJoinWorkerThread.run(ForkJoinWorkerThread.java:183) [?:?]
[23Mar2025 00:47:13.368] [Worker-Main-6/ERROR] [net.minecraft.loot.LootTableManager/]: Couldn't parse loot table bygonenether:blocks/warped_nether_brick_vertical_slab
java.lang.IllegalArgumentException: Can't find block bygonenether:warped_nether_brick_vertical_slab
	at net.minecraft.loot.conditions.BlockStateProperty$Serializer.func_227569_a_(SourceFile:79) ~[?:?]
	at java.util.Optional.orElseThrow(Optional.java:408) ~[?:?]
	at net.minecraft.loot.conditions.BlockStateProperty$Serializer.func_230423_a_(SourceFile:79) ~[?:?]
	at net.minecraft.loot.conditions.BlockStateProperty$Serializer.func_230423_a_(SourceFile:68) ~[?:?]
	at net.minecraft.loot.LootTypesManager$Serializer.deserialize(SourceFile:83) ~[?:?]
	at com.google.gson.internal.bind.TreeTypeAdapter.read(TreeTypeAdapter.java:69) ~[server-1.16.5-20210115.111550-extra.jar:?]
	at com.google.gson.internal.bind.TypeAdapterRuntimeTypeWrapper.read(TypeAdapterRuntimeTypeWrapper.java:41) ~[server-1.16.5-20210115.111550-extra.jar:?]
	at com.google.gson.internal.bind.ArrayTypeAdapter.read(ArrayTypeAdapter.java:72) ~[server-1.16.5-20210115.111550-extra.jar:?]
	at com.google.gson.Gson.fromJson(Gson.java:887) ~[server-1.16.5-20210115.111550-extra.jar:?]
	at com.google.gson.Gson.fromJson(Gson.java:952) ~[server-1.16.5-20210115.111550-extra.jar:?]
	at com.google.gson.internal.bind.TreeTypeAdapter$GsonContextImpl.deserialize(TreeTypeAdapter.java:162) ~[server-1.16.5-20210115.111550-extra.jar:?]
	at net.minecraft.util.JSONUtils.func_188179_a(SourceFile:440) ~[?:?]
	at net.minecraft.util.JSONUtils.func_188177_a(SourceFile:456) ~[?:?]
	at net.minecraft.loot.LootFunction$Serializer.func_230423_a_(SourceFile:98) ~[?:?]
	at net.minecraft.loot.LootFunction$Serializer.func_230423_a_(SourceFile:88) ~[?:?]
	at net.minecraft.loot.LootTypesManager$Serializer.deserialize(SourceFile:83) ~[?:?]
	at com.google.gson.internal.bind.TreeTypeAdapter.read(TreeTypeAdapter.java:69) ~[server-1.16.5-20210115.111550-extra.jar:?]
	at com.google.gson.internal.bind.TypeAdapterRuntimeTypeWrapper.read(TypeAdapterRuntimeTypeWrapper.java:41) ~[server-1.16.5-20210115.111550-extra.jar:?]
	at com.google.gson.internal.bind.ArrayTypeAdapter.read(ArrayTypeAdapter.java:72) ~[server-1.16.5-20210115.111550-extra.jar:?]
	at com.google.gson.Gson.fromJson(Gson.java:887) ~[server-1.16.5-20210115.111550-extra.jar:?]
	at com.google.gson.Gson.fromJson(Gson.java:952) ~[server-1.16.5-20210115.111550-extra.jar:?]
	at com.google.gson.internal.bind.TreeTypeAdapter$GsonContextImpl.deserialize(TreeTypeAdapter.java:162) ~[server-1.16.5-20210115.111550-extra.jar:?]
	at net.minecraft.util.JSONUtils.func_188179_a(SourceFile:440) ~[?:?]
	at net.minecraft.util.JSONUtils.func_188177_a(SourceFile:456) ~[?:?]
	at net.minecraft.loot.StandaloneLootEntry$Serializer.func_230421_b_(SourceFile:149) ~[?:?]
	at net.minecraft.loot.StandaloneLootEntry$Serializer.func_230421_b_(SourceFile:129) ~[?:?]
	at net.minecraft.loot.LootEntry$Serializer.func_230423_a_(SourceFile:86) ~[?:?]
	at net.minecraft.loot.LootEntry$Serializer.func_230423_a_(SourceFile:74) ~[?:?]
	at net.minecraft.loot.LootTypesManager$Serializer.deserialize(SourceFile:83) ~[?:?]
	at com.google.gson.internal.bind.TreeTypeAdapter.read(TreeTypeAdapter.java:69) ~[server-1.16.5-20210115.111550-extra.jar:?]
	at com.google.gson.internal.bind.TypeAdapterRuntimeTypeWrapper.read(TypeAdapterRuntimeTypeWrapper.java:41) ~[server-1.16.5-20210115.111550-extra.jar:?]
	at com.google.gson.internal.bind.ArrayTypeAdapter.read(ArrayTypeAdapter.java:72) ~[server-1.16.5-20210115.111550-extra.jar:?]
	at com.google.gson.Gson.fromJson(Gson.java:887) ~[server-1.16.5-20210115.111550-extra.jar:?]
	at com.google.gson.Gson.fromJson(Gson.java:952) ~[server-1.16.5-20210115.111550-extra.jar:?]
	at com.google.gson.internal.bind.TreeTypeAdapter$GsonContextImpl.deserialize(TreeTypeAdapter.java:162) ~[server-1.16.5-20210115.111550-extra.jar:?]
	at net.minecraft.util.JSONUtils.func_188179_a(SourceFile:440) ~[?:?]
	at net.minecraft.util.JSONUtils.func_188174_a(SourceFile:448) ~[?:?]
	at net.minecraft.loot.LootPool$Serializer.deserialize(LootPool.java:183) ~[?:?]
	at net.minecraft.loot.LootPool$Serializer.deserialize(LootPool.java:180) ~[?:?]
	at com.google.gson.internal.bind.TreeTypeAdapter.read(TreeTypeAdapter.java:69) ~[server-1.16.5-20210115.111550-extra.jar:?]
	at com.google.gson.internal.bind.TypeAdapterRuntimeTypeWrapper.read(TypeAdapterRuntimeTypeWrapper.java:41) ~[server-1.16.5-20210115.111550-extra.jar:?]
	at com.google.gson.internal.bind.ArrayTypeAdapter.read(ArrayTypeAdapter.java:72) ~[server-1.16.5-20210115.111550-extra.jar:?]
	at com.google.gson.Gson.fromJson(Gson.java:887) ~[server-1.16.5-20210115.111550-extra.jar:?]
	at com.google.gson.Gson.fromJson(Gson.java:952) ~[server-1.16.5-20210115.111550-extra.jar:?]
	at com.google.gson.internal.bind.TreeTypeAdapter$GsonContextImpl.deserialize(TreeTypeAdapter.java:162) ~[server-1.16.5-20210115.111550-extra.jar:?]
	at net.minecraft.util.JSONUtils.func_188179_a(SourceFile:440) ~[?:?]
	at net.minecraft.util.JSONUtils.func_188177_a(SourceFile:456) ~[?:?]
	at net.minecraft.loot.LootTable$Serializer.deserialize(LootTable.java:252) ~[?:?]
	at net.minecraft.loot.LootTable$Serializer.deserialize(LootTable.java:249) ~[?:?]
	at com.google.gson.internal.bind.TreeTypeAdapter.read(TreeTypeAdapter.java:69) ~[server-1.16.5-20210115.111550-extra.jar:?]
	at com.google.gson.Gson.fromJson(Gson.java:887) ~[server-1.16.5-20210115.111550-extra.jar:?]
	at com.google.gson.Gson.fromJson(Gson.java:952) ~[server-1.16.5-20210115.111550-extra.jar:?]
	at com.google.gson.Gson.fromJson(Gson.java:925) ~[server-1.16.5-20210115.111550-extra.jar:?]
	at net.minecraftforge.common.ForgeHooks.loadLootTable(ForgeHooks.java:874) ~[forge:?]
	at net.minecraft.loot.LootTableManager.lambda$apply$0(LootTableManager.java:40) ~[?:?]
	at java.util.HashMap.forEach(HashMap.java:1337) ~[?:?]
	at net.minecraft.loot.LootTableManager.func_212853_a_(LootTableManager.java:38) ~[?:?]
	at net.minecraft.loot.LootTableManager.func_212853_a_(LootTableManager.java:16) ~[?:?]
	at net.minecraft.client.resources.ReloadListener.func_215269_a(SourceFile:13) ~[?:?]
	at java.util.concurrent.CompletableFuture$UniAccept.tryFire(CompletableFuture.java:714) ~[?:?]
	at java.util.concurrent.CompletableFuture$Completion.run(CompletableFuture.java:478) ~[?:?]
	at net.minecraft.resources.AsyncReloader.func_219557_a(SourceFile:71) ~[?:?]
	at net.minecraft.resources.AsyncReloader.func_219560_a(SourceFile:70) ~[?:?]
	at java.util.concurrent.CompletableFuture$UniCompletion.claim(CompletableFuture.java:568) ~[?:?]
	at java.util.concurrent.CompletableFuture$UniAccept.tryFire(CompletableFuture.java:710) ~[?:?]
	at java.util.concurrent.CompletableFuture.postComplete(CompletableFuture.java:506) ~[?:?]
	at java.util.concurrent.CompletableFuture.postFire(CompletableFuture.java:610) ~[?:?]
	at java.util.concurrent.CompletableFuture$UniAccept.tryFire(CompletableFuture.java:722) ~[?:?]
	at java.util.concurrent.CompletableFuture$Completion.run(CompletableFuture.java:478) ~[?:?]
	at net.minecraft.resources.AsyncReloader.func_219557_a(SourceFile:71) ~[?:?]
	at net.minecraft.resources.AsyncReloader.func_219560_a(SourceFile:70) ~[?:?]
	at java.util.concurrent.CompletableFuture$UniCompletion.claim(CompletableFuture.java:568) ~[?:?]
	at java.util.concurrent.CompletableFuture$UniAccept.tryFire(CompletableFuture.java:710) ~[?:?]
	at java.util.concurrent.CompletableFuture.postComplete(CompletableFuture.java:506) ~[?:?]
	at java.util.concurrent.CompletableFuture.postFire(CompletableFuture.java:610) ~[?:?]
	at java.util.concurrent.CompletableFuture$UniAccept.tryFire(CompletableFuture.java:722) ~[?:?]
	at java.util.concurrent.CompletableFuture$Completion.run(CompletableFuture.java:478) ~[?:?]
	at net.minecraft.resources.AsyncReloader.func_219557_a(SourceFile:71) ~[?:?]
	at net.minecraft.resources.AsyncReloader.func_219560_a(SourceFile:70) ~[?:?]
	at java.util.concurrent.CompletableFuture$UniCompletion.claim(CompletableFuture.java:568) ~[?:?]
	at java.util.concurrent.CompletableFuture$UniAccept.tryFire(CompletableFuture.java:710) ~[?:?]
	at java.util.concurrent.CompletableFuture.postComplete(CompletableFuture.java:506) ~[?:?]
	at java.util.concurrent.CompletableFuture.postFire(CompletableFuture.java:610) ~[?:?]
	at java.util.concurrent.CompletableFuture$UniAccept.tryFire(CompletableFuture.java:722) ~[?:?]
	at java.util.concurrent.CompletableFuture$Completion.run(CompletableFuture.java:478) ~[?:?]
	at net.minecraft.resources.AsyncReloader.func_219557_a(SourceFile:71) ~[?:?]
	at net.minecraft.resources.AsyncReloader.func_219560_a(SourceFile:70) ~[?:?]
	at java.util.concurrent.CompletableFuture$UniCompletion.claim(CompletableFuture.java:568) ~[?:?]
	at java.util.concurrent.CompletableFuture$UniAccept.tryFire(CompletableFuture.java:710) ~[?:?]
	at java.util.concurrent.CompletableFuture.postComplete(CompletableFuture.java:506) ~[?:?]
	at java.util.concurrent.CompletableFuture.postFire(CompletableFuture.java:610) ~[?:?]
	at java.util.concurrent.CompletableFuture$UniAccept.tryFire(CompletableFuture.java:722) ~[?:?]
	at java.util.concurrent.CompletableFuture$Completion.run(CompletableFuture.java:478) ~[?:?]
	at net.minecraft.resources.AsyncReloader.func_219557_a(SourceFile:71) ~[?:?]
	at net.minecraft.resources.AsyncReloader.func_219560_a(SourceFile:70) ~[?:?]
	at java.util.concurrent.CompletableFuture$UniCompletion.claim(CompletableFuture.java:568) ~[?:?]
	at java.util.concurrent.CompletableFuture$UniAccept.tryFire(CompletableFuture.java:710) ~[?:?]
	at java.util.concurrent.CompletableFuture.postComplete(CompletableFuture.java:506) ~[?:?]
	at java.util.concurrent.CompletableFuture.postFire(CompletableFuture.java:610) ~[?:?]
	at java.util.concurrent.CompletableFuture$UniAccept.tryFire(CompletableFuture.java:722) ~[?:?]
	at java.util.concurrent.CompletableFuture$Completion.run(CompletableFuture.java:478) ~[?:?]
	at net.minecraft.resources.AsyncReloader.func_219557_a(SourceFile:71) ~[?:?]
	at net.minecraft.resources.AsyncReloader.func_219560_a(SourceFile:70) ~[?:?]
	at java.util.concurrent.CompletableFuture$UniCompletion.claim(CompletableFuture.java:568) ~[?:?]
	at java.util.concurrent.CompletableFuture$UniAccept.tryFire(CompletableFuture.java:710) ~[?:?]
	at java.util.concurrent.CompletableFuture.postComplete(CompletableFuture.java:506) ~[?:?]
	at java.util.concurrent.CompletableFuture.complete(CompletableFuture.java:2079) ~[?:?]
	at net.minecraft.resources.AsyncReloader$1.func_216873_a(SourceFile:53) ~[?:?]
	at net.minecraft.resources.AsyncReloader$1.func_216872_a(SourceFile:50) ~[?:?]
	at java.util.concurrent.CompletableFuture$UniCompose.tryFire(CompletableFuture.java:1072) [?:?]
	at java.util.concurrent.CompletableFuture.postComplete(CompletableFuture.java:506) [?:?]
	at java.util.concurrent.CompletableFuture$AsyncSupply.run(CompletableFuture.java:1705) [?:?]
	at java.util.concurrent.CompletableFuture$AsyncSupply.exec(CompletableFuture.java:1692) [?:?]
	at java.util.concurrent.ForkJoinTask.doExec(ForkJoinTask.java:290) [?:?]
	at java.util.concurrent.ForkJoinPool$WorkQueue.topLevelExec(ForkJoinPool.java:1020) [?:?]
	at java.util.concurrent.ForkJoinPool.scan(ForkJoinPool.java:1656) [?:?]
	at java.util.concurrent.ForkJoinPool.runWorker(ForkJoinPool.java:1594) [?:?]
	at java.util.concurrent.ForkJoinWorkerThread.run(ForkJoinWorkerThread.java:183) [?:?]
[23Mar2025 00:47:13.581] [Worker-Main-6/WARN] [net.minecraft.loot.LootTableManager/]: Found validation problem in {born_in_chaos_v1:entities/zombiesina_barrel}.pools[0].entries[14].functions[2]: Parameters [<parameter minecraft:tool>] are not provided in this context
[23Mar2025 00:47:13.581] [Worker-Main-6/WARN] [net.minecraft.loot.LootTableManager/]: Found validation problem in {born_in_chaos_v1:entities/restless_spirit_n}.pools[0].entries[2].functions[1]: Parameters [<parameter minecraft:tool>] are not provided in this context
[23Mar2025 00:47:13.581] [Worker-Main-6/WARN] [net.minecraft.loot.LootTableManager/]: Found validation problem in {born_in_chaos_v1:entities/bone_imp_n}.pools[0].entries[2].functions[1]: Parameters [<parameter minecraft:tool>] are not provided in this context
[23Mar2025 00:47:13.581] [Worker-Main-6/WARN] [net.minecraft.loot.LootTableManager/]: Found validation problem in {born_in_chaos_v1:entities/seared_spirit}.pools[0].entries[3].functions[1]: Parameters [<parameter minecraft:tool>] are not provided in this context
[23Mar2025 00:47:13.582] [Worker-Main-6/WARN] [net.minecraft.loot.LootTableManager/]: Found validation problem in {born_in_chaos_v1:entities/nightmare_stalker_n}.pools[0].entries[5].functions[1]: Parameters [<parameter minecraft:tool>] are not provided in this context
[23Mar2025 00:47:13.582] [Worker-Main-6/WARN] [net.minecraft.loot.LootTableManager/]: Found validation problem in {born_in_chaos_v1:entities/skeleton_thrasher}.pools[0].entries[1].functions[1]: Parameters [<parameter minecraft:tool>] are not provided in this context
[23Mar2025 00:47:13.582] [Worker-Main-6/WARN] [net.minecraft.loot.LootTableManager/]: Found validation problem in {born_in_chaos_v1:entities/zombiesina_barrel}.pools[0].entries[17].functions[1]: Parameters [<parameter minecraft:tool>] are not provided in this context
[23Mar2025 00:47:13.582] [Worker-Main-6/WARN] [net.minecraft.loot.LootTableManager/]: Found validation problem in {born_in_chaos_v1:entities/skeleton_thrasher}.pools[0].entries[6].functions[1]: Parameters [<parameter minecraft:tool>] are not provided in this context
[23Mar2025 00:47:13.582] [Worker-Main-6/WARN] [net.minecraft.loot.LootTableManager/]: Found validation problem in {undead:entities/therotten}.pools[0].entries[0].functions[1]: Parameters [<parameter minecraft:tool>] are not provided in this context
[23Mar2025 00:47:13.582] [Worker-Main-6/WARN] [net.minecraft.loot.LootTableManager/]: Found validation problem in {born_in_chaos_v1:entities/skeleton_thrasher_n}.pools[0].entries[4].functions[1]: Parameters [<parameter minecraft:tool>] are not provided in this context
[23Mar2025 00:47:13.582] [Worker-Main-6/WARN] [net.minecraft.loot.LootTableManager/]: Found validation problem in {born_in_chaos_v1:entities/skeleton_bomb}.pools[0].entries[1].functions[1]: Parameters [<parameter minecraft:tool>] are not provided in this context
[23Mar2025 00:47:13.582] [Worker-Main-6/WARN] [net.minecraft.loot.LootTableManager/]: Found validation problem in {born_in_chaos_v1:entities/decrepit_skeleton}.pools[0].entries[0].functions[1]: Parameters [<parameter minecraft:tool>] are not provided in this context
[23Mar2025 00:47:13.582] [Worker-Main-6/WARN] [net.minecraft.loot.LootTableManager/]: Found validation problem in {born_in_chaos_v1:entities/zombieswith_door}.pools[0].entries[5].functions[1]: Parameters [<parameter minecraft:tool>] are not provided in this context
[23Mar2025 00:47:13.582] [Worker-Main-6/WARN] [net.minecraft.loot.LootTableManager/]: Found validation problem in {born_in_chaos_v1:entities/zombieswith_door_n}.pools[0].entries[7].functions[1]: Parameters [<parameter minecraft:tool>] are not provided in this context
[23Mar2025 00:47:13.582] [Worker-Main-6/WARN] [net.minecraft.loot.LootTableManager/]: Found validation problem in {dungeons_arise:chests/illager_campsite/illager_campsite_map}.pools[7].entries[0]->{minecraft:chests/pillager_outpost}.pools[8].entries[0].functions[2]: Parameters [<parameter minecraft:tool>] are not provided in this context
[23Mar2025 00:47:13.582] [Worker-Main-6/WARN] [net.minecraft.loot.LootTableManager/]: Found validation problem in {undead:entities/thegluttony}.pools[0].entries[1].functions[1]: Parameters [<parameter minecraft:tool>] are not provided in this context
[23Mar2025 00:47:13.582] [Worker-Main-6/WARN] [net.minecraft.loot.LootTableManager/]: Found validation problem in {undead:entities/thestone}.pools[1].entries[4].condition[0]: Parameters [<parameter minecraft:tool>] are not provided in this context
[23Mar2025 00:47:13.582] [Worker-Main-6/WARN] [net.minecraft.loot.LootTableManager/]: Found validation problem in {undead:entities/the_melancholy}.pools[1].entries[0].functions[1]: Parameters [<parameter minecraft:tool>] are not provided in this context
[23Mar2025 00:47:13.582] [Worker-Main-6/WARN] [net.minecraft.loot.LootTableManager/]: Found validation problem in {born_in_chaos_v1:entities/zombieswith_door_n}.pools[0].entries[2].functions[1]: Parameters [<parameter minecraft:tool>] are not provided in this context
[23Mar2025 00:47:13.582] [Worker-Main-6/WARN] [net.minecraft.loot.LootTableManager/]: Found validation problem in {born_in_chaos_v1:entities/bonescaller}.pools[0].entries[2].functions[1]: Parameters [<parameter minecraft:tool>] are not provided in this context
[23Mar2025 00:47:13.582] [Worker-Main-6/WARN] [net.minecraft.loot.LootTableManager/]: Found validation problem in {undead:entities/theflamingfungus}.pools[0].entries[0].functions[1]: Parameters [<parameter minecraft:tool>] are not provided in this context
[23Mar2025 00:47:13.582] [Worker-Main-6/WARN] [net.minecraft.loot.LootTableManager/]: Found validation problem in {born_in_chaos_v1:entities/zombiesina_barrel}.pools[0].entries[12].functions[1]: Parameters [<parameter minecraft:tool>] are not provided in this context
[23Mar2025 00:47:13.583] [Worker-Main-6/WARN] [net.minecraft.loot.LootTableManager/]: Found validation problem in {born_in_chaos_v1:entities/zombiesina_barrel}.pools[0].entries[3].functions[1]: Parameters [<parameter minecraft:tool>] are not provided in this context
[23Mar2025 00:47:13.583] [Worker-Main-6/WARN] [net.minecraft.loot.LootTableManager/]: Found validation problem in {born_in_chaos_v1:entities/supreme_bonescaller_s_2}.pools[0].entries[5].functions[1]: Parameters [<parameter minecraft:tool>] are not provided in this context
[23Mar2025 00:47:13.583] [Worker-Main-6/WARN] [net.minecraft.loot.LootTableManager/]: Found validation problem in {born_in_chaos_v1:entities/skeleton_thrasher}.pools[0].entries[3].functions[1]: Parameters [<parameter minecraft:tool>] are not provided in this context
[23Mar2025 00:47:13.583] [Worker-Main-6/WARN] [net.minecraft.loot.LootTableManager/]: Found validation problem in {born_in_chaos_v1:entities/decrepit_skeleton_n}.pools[0].entries[0].functions[1]: Parameters [<parameter minecraft:tool>] are not provided in this context
[23Mar2025 00:47:13.583] [Worker-Main-6/WARN] [net.minecraft.loot.LootTableManager/]: Found validation problem in {born_in_chaos_v1:entities/bonescaller}.pools[0].entries[5].functions[1]: Parameters [<parameter minecraft:tool>] are not provided in this context
[23Mar2025 00:47:13.586] [Worker-Main-6/WARN] [net.minecraft.loot.LootTableManager/]: Found validation problem in {born_in_chaos_v1:entities/zombiesina_barrel}.pools[0].entries[10].functions[1]: Parameters [<parameter minecraft:tool>] are not provided in this context
[23Mar2025 00:47:13.586] [Worker-Main-6/WARN] [net.minecraft.loot.LootTableManager/]: Found validation problem in {born_in_chaos_v1:entities/nightmare_stalker}.pools[0].entries[4].functions[1]: Parameters [<parameter minecraft:tool>] are not provided in this context
[23Mar2025 00:47:13.586] [Worker-Main-6/WARN] [net.minecraft.loot.LootTableManager/]: Found validation problem in {dungeons_arise:chests/campsite_tent}.pools[6].entries[0]->{minecraft:chests/pillager_outpost}.pools[8].entries[0].functions[2]: Parameters [<parameter minecraft:tool>] are not provided in this context
[23Mar2025 00:47:13.586] [Worker-Main-6/WARN] [net.minecraft.loot.LootTableManager/]: Found validation problem in {born_in_chaos_v1:entities/zombiesina_barrel}.pools[0].entries[11].functions[1]: Parameters [<parameter minecraft:tool>] are not provided in this context
[23Mar2025 00:47:13.586] [Worker-Main-6/WARN] [net.minecraft.loot.LootTableManager/]: Found validation problem in {born_in_chaos_v1:entities/zombieswith_door_n}.pools[0].entries[1].functions[1]: Parameters [<parameter minecraft:tool>] are not provided in this context
[23Mar2025 00:47:13.586] [Worker-Main-6/WARN] [net.minecraft.loot.LootTableManager/]: Found validation problem in {born_in_chaos_v1:entities/skeleton_thrasher}.pools[0].entries[4].functions[1]: Parameters [<parameter minecraft:tool>] are not provided in this context
[23Mar2025 00:47:13.587] [Worker-Main-6/WARN] [net.minecraft.loot.LootTableManager/]: Found validation problem in {undead:entities/lostsoul}.pools[0].entries[0].functions[1]: Parameters [<parameter minecraft:tool>] are not provided in this context
[23Mar2025 00:47:13.587] [Worker-Main-6/WARN] [net.minecraft.loot.LootTableManager/]: Found validation problem in {born_in_chaos_v1:entities/diamond_thermite}.pools[0].entries[0].functions[1]: Parameters [<parameter minecraft:tool>] are not provided in this context
[23Mar2025 00:47:13.587] [Worker-Main-6/WARN] [net.minecraft.loot.LootTableManager/]: Found validation problem in {born_in_chaos_v1:entities/supreme_bonescaller_s_2}.pools[0].entries[4].functions[1]: Parameters [<parameter minecraft:tool>] are not provided in this context
[23Mar2025 00:47:13.587] [Worker-Main-6/WARN] [net.minecraft.loot.LootTableManager/]: Found validation problem in {born_in_chaos_v1:entities/zombieswith_door}.pools[0].entries[3].functions[1]: Parameters [<parameter minecraft:tool>] are not provided in this context
[23Mar2025 00:47:13.587] [Worker-Main-6/WARN] [net.minecraft.loot.LootTableManager/]: Found validation problem in {undead:entities/the_screecher}.pools[0].entries[2].functions[1]: Parameters [<parameter minecraft:tool>] are not provided in this context
[23Mar2025 00:47:13.587] [Worker-Main-6/WARN] [net.minecraft.loot.LootTableManager/]: Found validation problem in {born_in_chaos_v1:entities/skeleton_thrasher_n}.pools[0].entries[1].functions[1]: Parameters [<parameter minecraft:tool>] are not provided in this context
[23Mar2025 00:47:13.587] [Worker-Main-6/WARN] [net.minecraft.loot.LootTableManager/]: Found validation problem in {born_in_chaos_v1:entities/nightmare_stalker}.pools[0].entries[5].functions[1]: Parameters [<parameter minecraft:tool>] are not provided in this context
[23Mar2025 00:47:13.587] [Worker-Main-6/WARN] [net.minecraft.loot.LootTableManager/]: Found validation problem in {born_in_chaos_v1:entities/zombiesina_barrel}.pools[0].entries[9].functions[1]: Parameters [<parameter minecraft:tool>] are not provided in this context
[23Mar2025 00:47:13.587] [Worker-Main-6/WARN] [net.minecraft.loot.LootTableManager/]: Found validation problem in {born_in_chaos_v1:entities/zombiesina_barrel}.pools[0].entries[30].functions[1]: Parameters [<parameter minecraft:tool>] are not provided in this context
[23Mar2025 00:47:13.588] [Worker-Main-6/WARN] [net.minecraft.loot.LootTableManager/]: Found validation problem in {born_in_chaos_v1:entities/nightmare_stalker_n}.pools[0].entries[4].functions[1]: Parameters [<parameter minecraft:tool>] are not provided in this context
[23Mar2025 00:47:13.588] [Worker-Main-6/WARN] [net.minecraft.loot.LootTableManager/]: Found validation problem in {undead:entities/theheavy}.pools[0].entries[1].functions[1]: Parameters [<parameter minecraft:tool>] are not provided in this context
[23Mar2025 00:47:13.588] [Worker-Main-6/WARN] [net.minecraft.loot.LootTableManager/]: Found validation problem in {born_in_chaos_v1:entities/bonescaller}.pools[0].entries[4].functions[1]: Parameters [<parameter minecraft:tool>] are not provided in this context
[23Mar2025 00:47:13.588] [Worker-Main-6/WARN] [net.minecraft.loot.LootTableManager/]: Found validation problem in {born_in_chaos_v1:entities/zombiesina_barrel}.pools[0].entries[31].functions[1]: Parameters [<parameter minecraft:tool>] are not provided in this context
[23Mar2025 00:47:13.588] [Worker-Main-6/WARN] [net.minecraft.loot.LootTableManager/]: Found validation problem in {born_in_chaos_v1:entities/pumpkin_spirit}.pools[0].entries[3].functions[1]: Parameters [<parameter minecraft:tool>] are not provided in this context
[23Mar2025 00:47:13.588] [Worker-Main-6/WARN] [net.minecraft.loot.LootTableManager/]: Found validation problem in {undead:entities/theflamingfungus}.pools[0].entries[2].functions[1]: Parameters [<parameter minecraft:tool>] are not provided in this context
[23Mar2025 00:47:13.588] [Worker-Main-6/WARN] [net.minecraft.loot.LootTableManager/]: Found validation problem in {born_in_chaos_v1:entities/decaying_zombie}.pools[0].entries[0].functions[1]: Parameters [<parameter minecraft:tool>] are not provided in this context
[23Mar2025 00:47:13.588] [Worker-Main-6/WARN] [net.minecraft.loot.LootTableManager/]: Found validation problem in {born_in_chaos_v1:entities/skeleton_thrasher}.pools[0].entries[5].functions[1]: Parameters [<parameter minecraft:tool>] are not provided in this context
[23Mar2025 00:47:13.588] [Worker-Main-6/WARN] [net.minecraft.loot.LootTableManager/]: Found validation problem in {born_in_chaos_v1:entities/zombieswith_door}.pools[0].entries[4].functions[1]: Parameters [<parameter minecraft:tool>] are not provided in this context
[23Mar2025 00:47:13.588] [Worker-Main-6/WARN] [net.minecraft.loot.LootTableManager/]: Found validation problem in {born_in_chaos_v1:entities/bone_imp}.pools[0].entries[1].functions[1]: Parameters [<parameter minecraft:tool>] are not provided in this context
[23Mar2025 00:47:13.589] [Worker-Main-6/WARN] [net.minecraft.loot.LootTableManager/]: Found validation problem in {born_in_chaos_v1:entities/zombiesina_barrel}.pools[0].entries[18].functions[1]: Parameters [<parameter minecraft:tool>] are not provided in this context
[23Mar2025 00:47:13.589] [Worker-Main-6/WARN] [net.minecraft.loot.LootTableManager/]: Found validation problem in {undead:entities/thebomber}.pools[0].entries[1].functions[1]: Parameters [<parameter minecraft:tool>] are not provided in this context
[23Mar2025 00:47:13.589] [Worker-Main-6/WARN] [net.minecraft.loot.LootTableManager/]: Found validation problem in {born_in_chaos_v1:entities/zombieswith_door_n}.pools[0].entries[8].functions[1]: Parameters [<parameter minecraft:tool>] are not provided in this context
[23Mar2025 00:47:13.589] [Worker-Main-6/WARN] [net.minecraft.loot.LootTableManager/]: Found validation problem in {undead:entities/spitter}.pools[0].entries[0].functions[1]: Parameters [<parameter minecraft:tool>] are not provided in this context
[23Mar2025 00:47:13.589] [Worker-Main-6/WARN] [net.minecraft.loot.LootTableManager/]: Found validation problem in {undead:entities/theflamingfungus}.pools[0].entries[1].functions[1]: Parameters [<parameter minecraft:tool>] are not provided in this context
[23Mar2025 00:47:13.589] [Worker-Main-6/WARN] [net.minecraft.loot.LootTableManager/]: Found validation problem in {born_in_chaos_v1:entities/bonescaller}.pools[0].entries[3].functions[1]: Parameters [<parameter minecraft:tool>] are not provided in this context
[23Mar2025 00:47:13.591] [Worker-Main-6/WARN] [net.minecraft.loot.LootTableManager/]: Found validation problem in {born_in_chaos_v1:entities/decaying_zombie}.pools[0].entries[1].functions[1]: Parameters [<parameter minecraft:tool>] are not provided in this context
[23Mar2025 00:47:13.591] [Worker-Main-6/WARN] [net.minecraft.loot.LootTableManager/]: Found validation problem in {born_in_chaos_v1:entities/nightmare_stalker}.pools[0].entries[1].functions[1]: Parameters [<parameter minecraft:tool>] are not provided in this context
[23Mar2025 00:47:13.591] [Worker-Main-6/WARN] [net.minecraft.loot.LootTableManager/]: Found validation problem in {minecraft:chests/pillager_outpost}.pools[8].entries[0].functions[2]: Parameters [<parameter minecraft:tool>] are not provided in this context
[23Mar2025 00:47:13.591] [Worker-Main-6/WARN] [net.minecraft.loot.LootTableManager/]: Found validation problem in {born_in_chaos_v1:entities/nightmare_stalker_n}.pools[0].entries[1].functions[1]: Parameters [<parameter minecraft:tool>] are not provided in this context
[23Mar2025 00:47:13.591] [Worker-Main-6/WARN] [net.minecraft.loot.LootTableManager/]: Found validation problem in {born_in_chaos_v1:entities/bonescaller_n}.pools[0].entries[5].functions[1]: Parameters [<parameter minecraft:tool>] are not provided in this context
[23Mar2025 00:47:13.591] [Worker-Main-6/WARN] [net.minecraft.loot.LootTableManager/]: Found validation problem in {born_in_chaos_v1:entities/seared_spirit}.pools[0].entries[2].functions[1]: Parameters [<parameter minecraft:tool>] are not provided in this context
[23Mar2025 00:47:13.592] [Worker-Main-6/WARN] [net.minecraft.loot.LootTableManager/]: Found validation problem in {born_in_chaos_v1:entities/zombieswith_door_n}.pools[0].entries[3].functions[1]: Parameters [<parameter minecraft:tool>] are not provided in this context
[23Mar2025 00:47:13.592] [Worker-Main-6/WARN] [net.minecraft.loot.LootTableManager/]: Found validation problem in {undead:entities/thestone}.pools[1].entries[0].condition[0]: Parameters [<parameter minecraft:tool>] are not provided in this context
[23Mar2025 00:47:13.592] [Worker-Main-6/WARN] [net.minecraft.loot.LootTableManager/]: Found validation problem in {undead:entities/thebladedancer}.pools[0].entries[1].functions[1]: Parameters [<parameter minecraft:tool>] are not provided in this context
[23Mar2025 00:47:13.592] [Worker-Main-6/WARN] [net.minecraft.loot.LootTableManager/]: Found validation problem in {born_in_chaos_v1:entities/zombiesina_barrel}.pools[0].entries[13].functions[1]: Parameters [<parameter minecraft:tool>] are not provided in this context
[23Mar2025 00:47:13.592] [Worker-Main-6/WARN] [net.minecraft.loot.LootTableManager/]: Found validation problem in {undead:entities/thesnatcher}.pools[0].entries[0].functions[1]: Parameters [<parameter minecraft:tool>] are not provided in this context
[23Mar2025 00:47:13.594] [Worker-Main-6/WARN] [net.minecraft.loot.LootTableManager/]: Found validation problem in {born_in_chaos_v1:entities/bone_imp_n}.pools[0].entries[1].functions[1]: Parameters [<parameter minecraft:tool>] are not provided in this context
[23Mar2025 00:47:13.594] [Worker-Main-6/WARN] [net.minecraft.loot.LootTableManager/]: Found validation problem in {born_in_chaos_v1:entities/skeleton_thrasher_n}.pools[0].entries[3].functions[1]: Parameters [<parameter minecraft:tool>] are not provided in this context
[23Mar2025 00:47:13.594] [Worker-Main-6/WARN] [net.minecraft.loot.LootTableManager/]: Found validation problem in {born_in_chaos_v1:entities/seared_spirit}.pools[0].entries[4].functions[1]: Parameters [<parameter minecraft:tool>] are not provided in this context
[23Mar2025 00:47:13.594] [Worker-Main-6/WARN] [net.minecraft.loot.LootTableManager/]: Found validation problem in {born_in_chaos_v1:entities/zombiesina_barrel}.pools[0].entries[2].functions[1]: Parameters [<parameter minecraft:tool>] are not provided in this context
[23Mar2025 00:47:13.594] [Worker-Main-6/WARN] [net.minecraft.loot.LootTableManager/]: Found validation problem in {born_in_chaos_v1:entities/decrepit_skeleton_n}.pools[0].entries[1].functions[1]: Parameters [<parameter minecraft:tool>] are not provided in this context
[23Mar2025 00:47:13.594] [Worker-Main-6/WARN] [net.minecraft.loot.LootTableManager/]: Found validation problem in {born_in_chaos_v1:entities/bonescaller_n}.pools[0].entries[2].functions[1]: Parameters [<parameter minecraft:tool>] are not provided in this context
[23Mar2025 00:47:13.594] [Worker-Main-6/WARN] [net.minecraft.loot.LootTableManager/]: Found validation problem in {born_in_chaos_v1:entities/firelight_n}.pools[0].entries[0].functions[1]: Parameters [<parameter minecraft:tool>] are not provided in this context
[23Mar2025 00:47:13.595] [Worker-Main-6/WARN] [net.minecraft.loot.LootTableManager/]: Found validation problem in {born_in_chaos_v1:entities/zombiesina_barrel}.pools[0].entries[7].functions[1]: Parameters [<parameter minecraft:tool>] are not provided in this context
[23Mar2025 00:47:13.595] [Worker-Main-6/WARN] [net.minecraft.loot.LootTableManager/]: Found validation problem in {undead:entities/themoonflower}.pools[0].entries[2].functions[1]: Parameters [<parameter minecraft:tool>] are not provided in this context
[23Mar2025 00:47:13.595] [Worker-Main-6/WARN] [net.minecraft.loot.LootTableManager/]: Found validation problem in {born_in_chaos_v1:entities/zombieswith_door}.pools[0].entries[6].functions[1]: Parameters [<parameter minecraft:tool>] are not provided in this context
[23Mar2025 00:47:13.595] [Worker-Main-6/WARN] [net.minecraft.loot.LootTableManager/]: Found validation problem in {born_in_chaos_v1:entities/zombieswith_door}.pools[0].entries[2].functions[1]: Parameters [<parameter minecraft:tool>] are not provided in this context
[23Mar2025 00:47:13.595] [Worker-Main-6/WARN] [net.minecraft.loot.LootTableManager/]: Found validation problem in {born_in_chaos_v1:entities/zombiesina_barrel}.pools[0].entries[16].functions[1]: Parameters [<parameter minecraft:tool>] are not provided in this context
[23Mar2025 00:47:13.595] [Worker-Main-6/WARN] [net.minecraft.loot.LootTableManager/]: Found validation problem in {born_in_chaos_v1:entities/skeleton_bomb}.pools[0].entries[0].functions[1]: Parameters [<parameter minecraft:tool>] are not provided in this context
[23Mar2025 00:47:13.595] [Worker-Main-6/WARN] [net.minecraft.loot.LootTableManager/]: Found validation problem in {dungeons_arise:chests/illager_campsite/illager_campsite_tent}.pools[5].entries[0]->{minecraft:chests/pillager_outpost}.pools[8].entries[0].functions[2]: Parameters [<parameter minecraft:tool>] are not provided in this context
[23Mar2025 00:47:13.596] [Worker-Main-6/WARN] [net.minecraft.loot.LootTableManager/]: Found validation problem in {born_in_chaos_v1:entities/decrepit_skeleton}.pools[0].entries[1].functions[1]: Parameters [<parameter minecraft:tool>] are not provided in this context
[23Mar2025 00:47:13.596] [Worker-Main-6/WARN] [net.minecraft.loot.LootTableManager/]: Found validation problem in {undead:entities/thestone}.pools[1].entries[3].condition[0]: Parameters [<parameter minecraft:tool>] are not provided in this context
[23Mar2025 00:47:13.596] [Worker-Main-6/WARN] [net.minecraft.loot.LootTableManager/]: Found validation problem in {born_in_chaos_v1:entities/supreme_bonescaller_s_2}.pools[0].entries[0].functions[1]: Parameters [<parameter minecraft:tool>] are not provided in this context
[23Mar2025 00:47:13.596] [Worker-Main-6/WARN] [net.minecraft.loot.LootTableManager/]: Found validation problem in {born_in_chaos_v1:entities/zombiesina_barrel}.pools[0].entries[15].functions[1]: Parameters [<parameter minecraft:tool>] are not provided in this context
[23Mar2025 00:47:13.596] [Worker-Main-6/WARN] [net.minecraft.loot.LootTableManager/]: Found validation problem in {born_in_chaos_v1:entities/fallen_chaos_knight}.pools[0].entries[0].functions[1]: Parameters [<parameter minecraft:tool>] are not provided in this context
[23Mar2025 00:47:13.596] [Worker-Main-6/WARN] [net.minecraft.loot.LootTableManager/]: Found validation problem in {undead:entities/themermaid}.pools[0].entries[1].functions[1]: Parameters [<parameter minecraft:tool>] are not provided in this context
[23Mar2025 00:47:13.596] [Worker-Main-6/WARN] [net.minecraft.loot.LootTableManager/]: Found validation problem in {born_in_chaos_v1:entities/bonescaller_n}.pools[0].entries[3].functions[1]: Parameters [<parameter minecraft:tool>] are not provided in this context
[23Mar2025 00:47:13.596] [Worker-Main-6/WARN] [net.minecraft.loot.LootTableManager/]: Found validation problem in {undead:entities/spitter}.pools[0].entries[2].functions[1]: Parameters [<parameter minecraft:tool>] are not provided in this context
[23Mar2025 00:47:13.596] [Worker-Main-6/WARN] [net.minecraft.loot.LootTableManager/]: Found validation problem in {born_in_chaos_v1:entities/zombieswith_door}.pools[0].entries[1].functions[1]: Parameters [<parameter minecraft:tool>] are not provided in this context
[23Mar2025 00:47:13.596] [Worker-Main-6/WARN] [net.minecraft.loot.LootTableManager/]: Found validation problem in {born_in_chaos_v1:entities/skeleton_thrasher_n}.pools[0].entries[6].functions[1]: Parameters [<parameter minecraft:tool>] are not provided in this context
[23Mar2025 00:47:13.597] [Worker-Main-6/WARN] [net.minecraft.loot.LootTableManager/]: Found validation problem in {born_in_chaos_v1:entities/zombieswith_door}.pools[0].entries[7].functions[1]: Parameters [<parameter minecraft:tool>] are not provided in this context
[23Mar2025 00:47:13.597] [Worker-Main-6/WARN] [net.minecraft.loot.LootTableManager/]: Found validation problem in {born_in_chaos_v1:entities/zombieswith_door_n}.pools[0].entries[5].functions[1]: Parameters [<parameter minecraft:tool>] are not provided in this context
[23Mar2025 00:47:13.597] [Worker-Main-6/WARN] [net.minecraft.loot.LootTableManager/]: Found validation problem in {born_in_chaos_v1:entities/restless_spirit}.pools[0].entries[2].functions[1]: Parameters [<parameter minecraft:tool>] are not provided in this context
[23Mar2025 00:47:13.597] [Worker-Main-6/WARN] [net.minecraft.loot.LootTableManager/]: Found validation problem in {undead:entities/thepregnant}.pools[2].entries[0].functions[1]: Parameters [<parameter minecraft:tool>] are not provided in this context
[23Mar2025 00:47:13.597] [Worker-Main-6/WARN] [net.minecraft.loot.LootTableManager/]: Found validation problem in {born_in_chaos_v1:entities/supreme_bonescaller_s_2}.pools[0].entries[1].functions[1]: Parameters [<parameter minecraft:tool>] are not provided in this context
[23Mar2025 00:47:13.597] [Worker-Main-6/WARN] [net.minecraft.loot.LootTableManager/]: Found validation problem in {born_in_chaos_v1:entities/fallen_chaos_knight}.pools[0].entries[1].functions[1]: Parameters [<parameter minecraft:tool>] are not provided in this context
[23Mar2025 00:47:13.597] [Worker-Main-6/WARN] [net.minecraft.loot.LootTableManager/]: Found validation problem in {born_in_chaos_v1:entities/bonescaller_n}.pools[0].entries[4].functions[1]: Parameters [<parameter minecraft:tool>] are not provided in this context
[23Mar2025 00:47:13.597] [Worker-Main-6/WARN] [net.minecraft.loot.LootTableManager/]: Found validation problem in {undead:entities/thebladedancer}.pools[0].entries[4].functions[1]: Parameters [<parameter minecraft:tool>] are not provided in this context
[23Mar2025 00:47:13.598] [Worker-Main-6/WARN] [net.minecraft.loot.LootTableManager/]: Found validation problem in {undead:entities/zombiecow}.pools[0].entries[1].functions[1]: Parameters [<parameter minecraft:tool>] are not provided in this context
[23Mar2025 00:47:13.598] [Worker-Main-6/WARN] [net.minecraft.loot.LootTableManager/]: Found validation problem in {undead:entities/thestone}.pools[1].entries[2].condition[0]: Parameters [<parameter minecraft:tool>] are not provided in this context
[23Mar2025 00:47:13.598] [Worker-Main-6/WARN] [net.minecraft.loot.LootTableManager/]: Found validation problem in {undead:entities/icychomper}.pools[0].entries[0].functions[1]: Parameters [<parameter minecraft:tool>] are not provided in this context
[23Mar2025 00:47:13.598] [Worker-Main-6/WARN] [net.minecraft.loot.LootTableManager/]: Found validation problem in {born_in_chaos_v1:entities/firelight}.pools[0].entries[0].functions[1]: Parameters [<parameter minecraft:tool>] are not provided in this context
[23Mar2025 00:47:13.598] [Worker-Main-6/WARN] [net.minecraft.loot.LootTableManager/]: Found validation problem in {alexsmobs:gameplay/seal_reward}.pools[0].entries[1].functions[0]: Parameters [<parameter minecraft:origin>] are not provided in this context
[23Mar2025 00:47:13.598] [Worker-Main-6/WARN] [net.minecraft.loot.LootTableManager/]: Found validation problem in {born_in_chaos_v1:entities/zombieswith_door}.pools[0].entries[8].functions[1]: Parameters [<parameter minecraft:tool>] are not provided in this context
[23Mar2025 00:47:13.598] [Worker-Main-6/WARN] [net.minecraft.loot.LootTableManager/]: Found validation problem in {born_in_chaos_v1:entities/restless_spirit}.pools[0].entries[0].functions[1]: Parameters [<parameter minecraft:tool>] are not provided in this context
[23Mar2025 00:47:13.598] [Worker-Main-6/WARN] [net.minecraft.loot.LootTableManager/]: Found validation problem in {undead:entities/therotten}.pools[0].entries[1].functions[1]: Parameters [<parameter minecraft:tool>] are not provided in this context
[23Mar2025 00:47:13.598] [Worker-Main-6/WARN] [net.minecraft.loot.LootTableManager/]: Found validation problem in {born_in_chaos_v1:entities/nightmare_stalker}.pools[0].entries[0].functions[1]: Parameters [<parameter minecraft:tool>] are not provided in this context
[23Mar2025 00:47:13.598] [Worker-Main-6/WARN] [net.minecraft.loot.LootTableManager/]: Found validation problem in {born_in_chaos_v1:entities/zombiesina_barrel}.pools[0].entries[5].functions[1]: Parameters [<parameter minecraft:tool>] are not provided in this context
[23Mar2025 00:47:13.598] [Worker-Main-6/WARN] [net.minecraft.loot.LootTableManager/]: Found validation problem in {born_in_chaos_v1:entities/skeleton_thrasher_n}.pools[0].entries[5].functions[1]: Parameters [<parameter minecraft:tool>] are not provided in this context
[23Mar2025 00:47:13.599] [Worker-Main-6/WARN] [net.minecraft.loot.LootTableManager/]: Found validation problem in {undead:entities/thestone}.pools[1].entries[1].condition[0]: Parameters [<parameter minecraft:tool>] are not provided in this context
[23Mar2025 00:47:13.599] [Worker-Main-6/WARN] [net.minecraft.loot.LootTableManager/]: Found validation problem in {born_in_chaos_v1:entities/bone_imp}.pools[0].entries[2].functions[1]: Parameters [<parameter minecraft:tool>] are not provided in this context
[23Mar2025 00:47:13.599] [Worker-Main-6/WARN] [net.minecraft.loot.LootTableManager/]: Found validation problem in {born_in_chaos_v1:entities/restless_spirit_n}.pools[0].entries[0].functions[1]: Parameters [<parameter minecraft:tool>] are not provided in this context
[23Mar2025 00:47:13.599] [Worker-Main-6/WARN] [net.minecraft.loot.LootTableManager/]: Found validation problem in {born_in_chaos_v1:entities/nightmare_stalker_n}.pools[0].entries[0].functions[1]: Parameters [<parameter minecraft:tool>] are not provided in this context
[23Mar2025 00:47:13.599] [Worker-Main-6/WARN] [net.minecraft.loot.LootTableManager/]: Found validation problem in {born_in_chaos_v1:entities/zombieswith_door_n}.pools[0].entries[4].functions[1]: Parameters [<parameter minecraft:tool>] are not provided in this context
[23Mar2025 00:47:13.752] [Worker-Main-6/ERROR] [net.minecraft.advancements.AdvancementManager/]: Parsing error loading custom advancement useless_sword:swordmaster: Expected item to be an item, was unknown string 'useless_sword:withersword'
[23Mar2025 00:47:13.793] [Worker-Main-6/ERROR] [net.minecraft.advancements.AdvancementManager/]: Parsing error loading custom advancement undead:hungruy: Unknown item id 'undead:glutonnybottle'
[23Mar2025 00:47:14.086] [Worker-Main-6/INFO] [net.minecraft.advancements.AdvancementList/]: Loaded 3062 advancements
[23Mar2025 00:47:18.931] [main/INFO] [STDOUT/]: [tschipp.carryon.common.handler.ListHandler:initConfigLists:282]: [minecraft:soul_fire_base_blocks, forge:glass_panes/magenta, forge:crops/flax, whisperwoods:wisp_lantern, platform:stone_ore_replaceables, nethers_delight:soul_compost_activators, farmersdelight:unaffected_by_rich_soil, tombstone:decorative_graves, forge:crops/eggplant, betterendforge:gen_terrain, forge:storage_blocks/netherite, forge:glass_panes/white, biomesoplenty:hellbark_logs, forge:gravel, supplementaries:beams, forge:glass_panes/cyan, biomesoplenty:magic_logs, forge:glass_panes/light_gray, minecraft:wool, forge:glass/colorless, alexsmobs:roadrunner_spawns, minecolonies:protectionexception, forge:glass_panes/light_blue, minecraft:beehives, minecraft:ice, forge:ores/netherite_scrap, minecraft:crops, minecraft:dragon_immune, forge:nether_bricks, alexsmobs:alligator_snapping_turtle_spawns, farmersdelight:heat_sources, forge:fiber/flax, forge:stained_glass, forge:glass/pink, forge:chests, forge:storage_blocks/emerald, forge:ores/redstone, forge:borninchaos/structure_grass_blocks, forge:borninchaos/structure_dirt_blocks, forge:storage_blocks/quicksilver, minecraft:warped_stems, forge:glass/red, forge:storage_blocks/iron, forge:glass_panes/brown, forge:glass_panes/green, betterendforge:end_lotus_logs, carryon:block_blacklist, forge:ores/sapphire, forge:crops/aubergine, minecraft:prevent_mob_spawning_inside, minecraft:climbable, forge:fiber, forge:chests/trapped, forge:fence_gates, minecraft:dark_oak_logs, farmersdelight:compost_activators, minecraft:coral_plants, farmersdelight:tray_heat_sources, forge:glass_panes, minecraft:non_flammable_wood, forge:sandstone, forge:storage_blocks/copper, forge:glass_panes/colorless, darkerdepths:underground_base_blocks, alexsmobs:drops_bananas, darkerdepths:grimestone_replacement, twilightforest:antibuilder_ignores, supplementaries:pane_connection, minecraft:fences, minecraft:saplings, forge:storage_blocks/tin, forge:storage_blocks/lapis, forge:ores/copper, minecraft:mineable/pickaxe, minecraft:beds, forge:ores/diamond, minecraft:unstable_bottom_center, forge:purpur, forge:ores/lead, minecraft:doors, minecraft:enderman_holdable, minecraft:banners, minecraft:infiniburn_overworld, minecraft:flower_pots, minecraft:wooden_fences, alexsmobs:rattlesnake_spawns, minecraft:wall_post_override, supplementaries:posts, forge:obsidian, forge:enderman_place_on_blacklist, biomesoplenty:mahogany_logs, platform:features_cannot_replace, alexsmobs:kangaroo_spawns, tombstone:grave_marbles, forge:ores/tin, alexsmobs:seal_digables, forge:glass/white, forge:glass_panes/red, minecraft:signs, farmersdelight:mushroom_colony_growable_on, biomesoplenty:willow_logs, minecraft:wither_summon_base_blocks, supplementaries:pouring_tank, forge:glass/magenta, alexsmobs:mimic_octopus_spawns, forge:ores/coal, minecraft:hoglin_repellents, minecraft:fire, minecraft:base_stone_nether, minecraft:wall_signs, quark:vertical_slabs, forge:red_nether_bricks, carryon:block_whitelist, alexsmobs:drops_acacia_blossoms, forge:workbench, forge:storage_blocks/end_crystal, betterendforge:lacugrove_logs, forge:storage_blocks/sapphire, forge:sand/colorless, minecraft:trapdoors, alexsmobs:komodo_dragon_spawns, forge:glass/cyan, alexsmobs:crow_fears, alexsmobs:mantis_shrimp_spawns, forge:glass, nethers_delight:unaffected_by_rich_soul_soil, minecraft:soul_speed_blocks, twilightforest:antibuilder_blacklist, alexsmobs:lobster_spawns, forge:needs_wood_tool, minecraft:leaves, minecraft:walls, minecraft:coral_blocks, forge:glass/green, alexsmobs:cachalot_whale_breakables, forge:storage_blocks/lead, born_in_chaos:grass_blocks, forge:ores/end_crystal, forge:glass_panes/gray, minecraft:wither_immune, minecraft:acacia_logs, platform:carvers_can_replace, forge:stained_glass_panes, capsule:excluded, minecraft:underwater_bonemeals, tombstone:player_graves, forge:sand/red, betterendforge:end_ground, minecraft:impermeable, alexsmobs:emu_spawns, minecraft:sand, forge:end_stones, forge:glass/brown, biomesoplenty:fir_logs, betterendforge:umbrella_tree_logs, minecraft:logs_that_burn, supplementaries:walls, forge:fences/wooden, sereneseasons:summer_crops, forge:glass/gray, minecraft:campfires, supplementaries:vine_support, forge:storage_blocks, minecraft:infiniburn_nether, forge:glass_panes/orange, forge:glass/light_gray, forge:ores/quartz, minecraft:wooden_slabs, alexsmobs:platypus_spawns, forge:glass/blue, whisperwoods:ghost_light, minecraft:small_flowers, born_in_chaos:air_blocks, minecraft:wooden_trapdoors, forge:storage_blocks/coal, forge:glass_panes/black, forge:glass/light_blue, forge:ores/thallasium, farmersdelight:wild_crops, forge:storage_blocks/redstone, forge:ores/quicksilver, betterendforge:mossy_glowshroom_logs, supplementaries:rope_support, sereneseasons:winter_crops, alexsmobs:grizzly_beehive, forge:glass_panes/blue, minecraft:stairs, sereneseasons:unbreakable_infertile_crops, minecraft:logs, supplementaries:water_holder, forge:ores/amber, betterendforge:helix_tree_logs, forge:stone, alexsmobs:crocodile_spawns, minecraft:valid_spawn, minecraft:mushroom_grow_block, minecraft:wooden_doors, minecraft:standing_signs, minecraft:infiniburn_end, forge:cheese_block, forge:glass_panes/yellow, sereneseasons:autumn_crops, forge:glass/purple, minecraft:crimson_stems, alexsmobs:soul_vulture_spawns, biomesoplenty:cherry_logs, betterendforge:lucernia_logs, minecraft:wart_blocks, born_in_chaos:soil_blocks, alexsmobs:leafcutter_ant_breakables, betterendforge:tenanea_logs, quark:hedges, farmersdelight:heat_conductors, alexsmobs:gorilla_breakables, forge:crops, etched:audio_providers, minecraft:beacon_base_blocks, alexsmobs:orca_breakables, alexsmobs:seal_spawns, minecraft:shulker_boxes, alexsmobs:mungus_replace_mushroom, minecraft:anvil, forge:ores/silver, minecraft:birch_logs, forge:sand, forge:ores/ender, sereneseasons:greenhouse_glass, minecraft:wall_corals, create:fan_heaters, platform:dirt, forge:glass_panes/purple, forge:glass/yellow, alexsmobs:elephant_foodblocks, betterendforge:jellyshroom_logs, forge:storage_blocks/silver, minecraft:oak_logs, forge:ores/gold, forge:storage_blocks/neptunium, forge:needs_netherite_tool, forge:barrels, minecraft:piglin_repellents, forge:storage_blocks/pearl, forge:ores/lapis, biomesoplenty:palm_logs, forge:glass/black, biomesoplenty:dead_logs, minecraft:portals, alexsmobs:mungus_replace_nether, forge:dirt, minecraft:bamboo_plantable_on, forge:fences/nether_brick, forge:glass/lime, forge:chests/wooden, forge:ores/iron, minecraft:pressure_plates, whisperwoods:moth_breakable, betterendforge:dragon_tree_logs, minecraft:jungle_logs, tombstone:graves, forge:chests/ender, minecraft:wooden_stairs, minecraft:spruce_logs, minecraft:carpets, minecraft:base_stone_overworld, minecraft:wooden_buttons, forge:base_stone_granite, rats:quarry_ignorables, biomesoplenty:umbran_logs, alexsmobs:crow_foodblocks, forge:fence_gates/wooden, minecraft:stone_bricks, forge:storage_blocks/quartz, forge:glass/orange, forge:glass_panes/lime, sereneseasons:spring_crops, endrem:end_crystal_gen, minecraft:slabs, minecraft:guarded_by_piglins, forge:ores/emerald, forge:borninchaos/structure_air_blocks, minecraft:corals, minecraft:buttons, minecraft:flowers, alexsmobs:void_worm_breakables, minecraft:planks, forge:cobblestone, minecraft:rails, betterendforge:pythadendron_logs, forge:barrels/wooden, alexsmobs:soul_vulture_perches, minecraft:strider_warm_blocks, forge:storage_blocks/gold, minecraft:fence_gates, forge:ores, minecraft:bee_growables, minecraft:wooden_pressure_plates, minecraft:tall_flowers, biomesoplenty:redwood_logs, biomesoplenty:jacaranda_logs, forge:fences, minecraft:stone_pressure_plates, supplementaries:concrete_powders, forge:storage_blocks/diamond, minecraft:nylium, alexsmobs:warped_mosco_breakables, minecraft:gold_ores, supplementaries:palisades, supplementaries:hang_from_ropes, forge:glass_panes/pink, forge:netherrack, forge:mushroom_blocks, supplementaries:bellows_tickable, forge:terracotta]
[23Mar2025 00:47:18.935] [main/INFO] [STDOUT/]: [tschipp.carryon.common.handler.ListHandler:initConfigLists:282]: [minecraft:soul_fire_base_blocks, forge:glass_panes/magenta, forge:crops/flax, whisperwoods:wisp_lantern, platform:stone_ore_replaceables, nethers_delight:soul_compost_activators, farmersdelight:unaffected_by_rich_soil, tombstone:decorative_graves, forge:crops/eggplant, betterendforge:gen_terrain, forge:storage_blocks/netherite, forge:glass_panes/white, biomesoplenty:hellbark_logs, forge:gravel, supplementaries:beams, forge:glass_panes/cyan, biomesoplenty:magic_logs, forge:glass_panes/light_gray, minecraft:wool, forge:glass/colorless, alexsmobs:roadrunner_spawns, minecolonies:protectionexception, forge:glass_panes/light_blue, minecraft:beehives, minecraft:ice, forge:ores/netherite_scrap, minecraft:crops, minecraft:dragon_immune, forge:nether_bricks, alexsmobs:alligator_snapping_turtle_spawns, farmersdelight:heat_sources, forge:fiber/flax, forge:stained_glass, forge:glass/pink, forge:chests, forge:storage_blocks/emerald, forge:ores/redstone, forge:borninchaos/structure_grass_blocks, forge:borninchaos/structure_dirt_blocks, forge:storage_blocks/quicksilver, minecraft:warped_stems, forge:glass/red, forge:storage_blocks/iron, forge:glass_panes/brown, forge:glass_panes/green, betterendforge:end_lotus_logs, carryon:block_blacklist, forge:ores/sapphire, forge:crops/aubergine, minecraft:prevent_mob_spawning_inside, minecraft:climbable, forge:fiber, forge:chests/trapped, forge:fence_gates, minecraft:dark_oak_logs, farmersdelight:compost_activators, minecraft:coral_plants, farmersdelight:tray_heat_sources, forge:glass_panes, minecraft:non_flammable_wood, forge:sandstone, forge:storage_blocks/copper, forge:glass_panes/colorless, darkerdepths:underground_base_blocks, alexsmobs:drops_bananas, darkerdepths:grimestone_replacement, twilightforest:antibuilder_ignores, supplementaries:pane_connection, minecraft:fences, minecraft:saplings, forge:storage_blocks/tin, forge:storage_blocks/lapis, forge:ores/copper, minecraft:mineable/pickaxe, minecraft:beds, forge:ores/diamond, minecraft:unstable_bottom_center, forge:purpur, forge:ores/lead, minecraft:doors, minecraft:enderman_holdable, minecraft:banners, minecraft:infiniburn_overworld, minecraft:flower_pots, minecraft:wooden_fences, alexsmobs:rattlesnake_spawns, minecraft:wall_post_override, supplementaries:posts, forge:obsidian, forge:enderman_place_on_blacklist, biomesoplenty:mahogany_logs, platform:features_cannot_replace, alexsmobs:kangaroo_spawns, tombstone:grave_marbles, forge:ores/tin, alexsmobs:seal_digables, forge:glass/white, forge:glass_panes/red, minecraft:signs, farmersdelight:mushroom_colony_growable_on, biomesoplenty:willow_logs, minecraft:wither_summon_base_blocks, supplementaries:pouring_tank, forge:glass/magenta, alexsmobs:mimic_octopus_spawns, forge:ores/coal, minecraft:hoglin_repellents, minecraft:fire, minecraft:base_stone_nether, minecraft:wall_signs, quark:vertical_slabs, forge:red_nether_bricks, carryon:block_whitelist, alexsmobs:drops_acacia_blossoms, forge:workbench, forge:storage_blocks/end_crystal, betterendforge:lacugrove_logs, forge:storage_blocks/sapphire, forge:sand/colorless, minecraft:trapdoors, alexsmobs:komodo_dragon_spawns, forge:glass/cyan, alexsmobs:crow_fears, alexsmobs:mantis_shrimp_spawns, forge:glass, nethers_delight:unaffected_by_rich_soul_soil, minecraft:soul_speed_blocks, twilightforest:antibuilder_blacklist, alexsmobs:lobster_spawns, forge:needs_wood_tool, minecraft:leaves, minecraft:walls, minecraft:coral_blocks, forge:glass/green, alexsmobs:cachalot_whale_breakables, forge:storage_blocks/lead, born_in_chaos:grass_blocks, forge:ores/end_crystal, forge:glass_panes/gray, minecraft:wither_immune, minecraft:acacia_logs, platform:carvers_can_replace, forge:stained_glass_panes, capsule:excluded, minecraft:underwater_bonemeals, tombstone:player_graves, forge:sand/red, betterendforge:end_ground, minecraft:impermeable, alexsmobs:emu_spawns, minecraft:sand, forge:end_stones, forge:glass/brown, biomesoplenty:fir_logs, betterendforge:umbrella_tree_logs, minecraft:logs_that_burn, supplementaries:walls, forge:fences/wooden, sereneseasons:summer_crops, forge:glass/gray, minecraft:campfires, supplementaries:vine_support, forge:storage_blocks, minecraft:infiniburn_nether, forge:glass_panes/orange, forge:glass/light_gray, forge:ores/quartz, minecraft:wooden_slabs, alexsmobs:platypus_spawns, forge:glass/blue, whisperwoods:ghost_light, minecraft:small_flowers, born_in_chaos:air_blocks, minecraft:wooden_trapdoors, forge:storage_blocks/coal, forge:glass_panes/black, forge:glass/light_blue, forge:ores/thallasium, farmersdelight:wild_crops, forge:storage_blocks/redstone, forge:ores/quicksilver, betterendforge:mossy_glowshroom_logs, supplementaries:rope_support, sereneseasons:winter_crops, alexsmobs:grizzly_beehive, forge:glass_panes/blue, minecraft:stairs, sereneseasons:unbreakable_infertile_crops, minecraft:logs, supplementaries:water_holder, forge:ores/amber, betterendforge:helix_tree_logs, forge:stone, alexsmobs:crocodile_spawns, minecraft:valid_spawn, minecraft:mushroom_grow_block, minecraft:wooden_doors, minecraft:standing_signs, minecraft:infiniburn_end, forge:cheese_block, forge:glass_panes/yellow, sereneseasons:autumn_crops, forge:glass/purple, minecraft:crimson_stems, alexsmobs:soul_vulture_spawns, biomesoplenty:cherry_logs, betterendforge:lucernia_logs, minecraft:wart_blocks, born_in_chaos:soil_blocks, alexsmobs:leafcutter_ant_breakables, betterendforge:tenanea_logs, quark:hedges, farmersdelight:heat_conductors, alexsmobs:gorilla_breakables, forge:crops, etched:audio_providers, minecraft:beacon_base_blocks, alexsmobs:orca_breakables, alexsmobs:seal_spawns, minecraft:shulker_boxes, alexsmobs:mungus_replace_mushroom, minecraft:anvil, forge:ores/silver, minecraft:birch_logs, forge:sand, forge:ores/ender, sereneseasons:greenhouse_glass, minecraft:wall_corals, create:fan_heaters, platform:dirt, forge:glass_panes/purple, forge:glass/yellow, alexsmobs:elephant_foodblocks, betterendforge:jellyshroom_logs, forge:storage_blocks/silver, minecraft:oak_logs, forge:ores/gold, forge:storage_blocks/neptunium, forge:needs_netherite_tool, forge:barrels, minecraft:piglin_repellents, forge:storage_blocks/pearl, forge:ores/lapis, biomesoplenty:palm_logs, forge:glass/black, biomesoplenty:dead_logs, minecraft:portals, alexsmobs:mungus_replace_nether, forge:dirt, minecraft:bamboo_plantable_on, forge:fences/nether_brick, forge:glass/lime, forge:chests/wooden, forge:ores/iron, minecraft:pressure_plates, whisperwoods:moth_breakable, betterendforge:dragon_tree_logs, minecraft:jungle_logs, tombstone:graves, forge:chests/ender, minecraft:wooden_stairs, minecraft:spruce_logs, minecraft:carpets, minecraft:base_stone_overworld, minecraft:wooden_buttons, forge:base_stone_granite, rats:quarry_ignorables, biomesoplenty:umbran_logs, alexsmobs:crow_foodblocks, forge:fence_gates/wooden, minecraft:stone_bricks, forge:storage_blocks/quartz, forge:glass/orange, forge:glass_panes/lime, sereneseasons:spring_crops, endrem:end_crystal_gen, minecraft:slabs, minecraft:guarded_by_piglins, forge:ores/emerald, forge:borninchaos/structure_air_blocks, minecraft:corals, minecraft:buttons, minecraft:flowers, alexsmobs:void_worm_breakables, minecraft:planks, forge:cobblestone, minecraft:rails, betterendforge:pythadendron_logs, forge:barrels/wooden, alexsmobs:soul_vulture_perches, minecraft:strider_warm_blocks, forge:storage_blocks/gold, minecraft:fence_gates, forge:ores, minecraft:bee_growables, minecraft:wooden_pressure_plates, minecraft:tall_flowers, biomesoplenty:redwood_logs, biomesoplenty:jacaranda_logs, forge:fences, minecraft:stone_pressure_plates, supplementaries:concrete_powders, forge:storage_blocks/diamond, minecraft:nylium, alexsmobs:warped_mosco_breakables, minecraft:gold_ores, supplementaries:palisades, supplementaries:hang_from_ropes, forge:glass_panes/pink, forge:netherrack, forge:mushroom_blocks, supplementaries:bellows_tickable, forge:terracotta]
[23Mar2025 00:47:23.497] [Server thread/INFO] [net.minecraft.server.dedicated.DedicatedServer/]: Starting minecraft server version 1.16.5
[23Mar2025 00:47:23.497] [Server thread/INFO] [net.minecraft.server.dedicated.DedicatedServer/]: Loading properties
[23Mar2025 00:47:23.497] [Server thread/INFO] [net.minecraft.server.dedicated.DedicatedServer/]: Default game type: SURVIVAL
[23Mar2025 00:47:23.498] [Server thread/INFO] [net.minecraft.server.MinecraftServer/]: Generating keypair
[23Mar2025 00:47:23.625] [Server thread/INFO] [net.minecraft.server.dedicated.DedicatedServer/]: Starting Minecraft server on *:25565
[23Mar2025 00:47:23.648] [Server thread/INFO] [net.minecraft.network.NetworkSystem/]: Using epoll channel type
[23Mar2025 00:47:23.732] [Server thread/WARN] [net.minecraft.server.dedicated.DedicatedServer/]: **** SERVER IS RUNNING IN OFFLINE/INSECURE MODE!
[23Mar2025 00:47:23.733] [Server thread/WARN] [net.minecraft.server.dedicated.DedicatedServer/]: The server will make no attempt to authenticate usernames. Beware.
[23Mar2025 00:47:23.733] [Server thread/WARN] [net.minecraft.server.dedicated.DedicatedServer/]: While this makes the game possible to play without internet access, it also opens up the ability for hackers to connect with any username they choose.
[23Mar2025 00:47:23.733] [Server thread/WARN] [net.minecraft.server.dedicated.DedicatedServer/]: To change this, set "online-mode" to "true" in the server.properties file.
[23Mar2025 00:47:23.755] [Server thread/INFO] [STDOUT/]: [tschipp.carryon.common.handler.ListHandler:initConfigLists:282]: [minecraft:soul_fire_base_blocks, forge:glass_panes/magenta, forge:crops/flax, whisperwoods:wisp_lantern, platform:stone_ore_replaceables, nethers_delight:soul_compost_activators, farmersdelight:unaffected_by_rich_soil, tombstone:decorative_graves, forge:crops/eggplant, betterendforge:gen_terrain, forge:storage_blocks/netherite, forge:glass_panes/white, biomesoplenty:hellbark_logs, forge:gravel, supplementaries:beams, forge:glass_panes/cyan, biomesoplenty:magic_logs, forge:glass_panes/light_gray, minecraft:wool, forge:glass/colorless, alexsmobs:roadrunner_spawns, minecolonies:protectionexception, forge:glass_panes/light_blue, minecraft:beehives, minecraft:ice, forge:ores/netherite_scrap, minecraft:crops, minecraft:dragon_immune, forge:nether_bricks, alexsmobs:alligator_snapping_turtle_spawns, farmersdelight:heat_sources, forge:fiber/flax, forge:stained_glass, forge:glass/pink, forge:chests, forge:storage_blocks/emerald, forge:ores/redstone, forge:borninchaos/structure_grass_blocks, forge:borninchaos/structure_dirt_blocks, forge:storage_blocks/quicksilver, minecraft:warped_stems, forge:glass/red, forge:storage_blocks/iron, forge:glass_panes/brown, forge:glass_panes/green, betterendforge:end_lotus_logs, carryon:block_blacklist, forge:ores/sapphire, forge:crops/aubergine, minecraft:prevent_mob_spawning_inside, minecraft:climbable, forge:fiber, forge:chests/trapped, forge:fence_gates, minecraft:dark_oak_logs, farmersdelight:compost_activators, minecraft:coral_plants, farmersdelight:tray_heat_sources, forge:glass_panes, minecraft:non_flammable_wood, forge:sandstone, forge:storage_blocks/copper, forge:glass_panes/colorless, darkerdepths:underground_base_blocks, alexsmobs:drops_bananas, darkerdepths:grimestone_replacement, twilightforest:antibuilder_ignores, supplementaries:pane_connection, minecraft:fences, minecraft:saplings, forge:storage_blocks/tin, forge:storage_blocks/lapis, forge:ores/copper, minecraft:mineable/pickaxe, minecraft:beds, forge:ores/diamond, minecraft:unstable_bottom_center, forge:purpur, forge:ores/lead, minecraft:doors, minecraft:enderman_holdable, minecraft:banners, minecraft:infiniburn_overworld, minecraft:flower_pots, minecraft:wooden_fences, alexsmobs:rattlesnake_spawns, minecraft:wall_post_override, supplementaries:posts, forge:obsidian, forge:enderman_place_on_blacklist, biomesoplenty:mahogany_logs, platform:features_cannot_replace, alexsmobs:kangaroo_spawns, tombstone:grave_marbles, forge:ores/tin, alexsmobs:seal_digables, forge:glass/white, forge:glass_panes/red, minecraft:signs, farmersdelight:mushroom_colony_growable_on, biomesoplenty:willow_logs, minecraft:wither_summon_base_blocks, supplementaries:pouring_tank, forge:glass/magenta, alexsmobs:mimic_octopus_spawns, forge:ores/coal, minecraft:hoglin_repellents, minecraft:fire, minecraft:base_stone_nether, minecraft:wall_signs, quark:vertical_slabs, forge:red_nether_bricks, carryon:block_whitelist, alexsmobs:drops_acacia_blossoms, forge:workbench, forge:storage_blocks/end_crystal, betterendforge:lacugrove_logs, forge:storage_blocks/sapphire, forge:sand/colorless, minecraft:trapdoors, alexsmobs:komodo_dragon_spawns, forge:glass/cyan, alexsmobs:crow_fears, alexsmobs:mantis_shrimp_spawns, forge:glass, nethers_delight:unaffected_by_rich_soul_soil, minecraft:soul_speed_blocks, twilightforest:antibuilder_blacklist, alexsmobs:lobster_spawns, forge:needs_wood_tool, minecraft:leaves, minecraft:walls, minecraft:coral_blocks, forge:glass/green, alexsmobs:cachalot_whale_breakables, forge:storage_blocks/lead, born_in_chaos:grass_blocks, forge:ores/end_crystal, forge:glass_panes/gray, minecraft:wither_immune, minecraft:acacia_logs, platform:carvers_can_replace, forge:stained_glass_panes, capsule:excluded, minecraft:underwater_bonemeals, tombstone:player_graves, forge:sand/red, betterendforge:end_ground, minecraft:impermeable, alexsmobs:emu_spawns, minecraft:sand, forge:end_stones, forge:glass/brown, biomesoplenty:fir_logs, betterendforge:umbrella_tree_logs, minecraft:logs_that_burn, supplementaries:walls, forge:fences/wooden, sereneseasons:summer_crops, forge:glass/gray, minecraft:campfires, supplementaries:vine_support, forge:storage_blocks, minecraft:infiniburn_nether, forge:glass_panes/orange, forge:glass/light_gray, forge:ores/quartz, minecraft:wooden_slabs, alexsmobs:platypus_spawns, forge:glass/blue, whisperwoods:ghost_light, minecraft:small_flowers, born_in_chaos:air_blocks, minecraft:wooden_trapdoors, forge:storage_blocks/coal, forge:glass_panes/black, forge:glass/light_blue, forge:ores/thallasium, farmersdelight:wild_crops, forge:storage_blocks/redstone, forge:ores/quicksilver, betterendforge:mossy_glowshroom_logs, supplementaries:rope_support, sereneseasons:winter_crops, alexsmobs:grizzly_beehive, forge:glass_panes/blue, minecraft:stairs, sereneseasons:unbreakable_infertile_crops, minecraft:logs, supplementaries:water_holder, forge:ores/amber, betterendforge:helix_tree_logs, forge:stone, alexsmobs:crocodile_spawns, minecraft:valid_spawn, minecraft:mushroom_grow_block, minecraft:wooden_doors, minecraft:standing_signs, minecraft:infiniburn_end, forge:cheese_block, forge:glass_panes/yellow, sereneseasons:autumn_crops, forge:glass/purple, minecraft:crimson_stems, alexsmobs:soul_vulture_spawns, biomesoplenty:cherry_logs, betterendforge:lucernia_logs, minecraft:wart_blocks, born_in_chaos:soil_blocks, alexsmobs:leafcutter_ant_breakables, betterendforge:tenanea_logs, quark:hedges, farmersdelight:heat_conductors, alexsmobs:gorilla_breakables, forge:crops, etched:audio_providers, minecraft:beacon_base_blocks, alexsmobs:orca_breakables, alexsmobs:seal_spawns, minecraft:shulker_boxes, alexsmobs:mungus_replace_mushroom, minecraft:anvil, forge:ores/silver, minecraft:birch_logs, forge:sand, forge:ores/ender, sereneseasons:greenhouse_glass, minecraft:wall_corals, create:fan_heaters, platform:dirt, forge:glass_panes/purple, forge:glass/yellow, alexsmobs:elephant_foodblocks, betterendforge:jellyshroom_logs, forge:storage_blocks/silver, minecraft:oak_logs, forge:ores/gold, forge:storage_blocks/neptunium, forge:needs_netherite_tool, forge:barrels, minecraft:piglin_repellents, forge:storage_blocks/pearl, forge:ores/lapis, biomesoplenty:palm_logs, forge:glass/black, biomesoplenty:dead_logs, minecraft:portals, alexsmobs:mungus_replace_nether, forge:dirt, minecraft:bamboo_plantable_on, forge:fences/nether_brick, forge:glass/lime, forge:chests/wooden, forge:ores/iron, minecraft:pressure_plates, whisperwoods:moth_breakable, betterendforge:dragon_tree_logs, minecraft:jungle_logs, tombstone:graves, forge:chests/ender, minecraft:wooden_stairs, minecraft:spruce_logs, minecraft:carpets, minecraft:base_stone_overworld, minecraft:wooden_buttons, forge:base_stone_granite, rats:quarry_ignorables, biomesoplenty:umbran_logs, alexsmobs:crow_foodblocks, forge:fence_gates/wooden, minecraft:stone_bricks, forge:storage_blocks/quartz, forge:glass/orange, forge:glass_panes/lime, sereneseasons:spring_crops, endrem:end_crystal_gen, minecraft:slabs, minecraft:guarded_by_piglins, forge:ores/emerald, forge:borninchaos/structure_air_blocks, minecraft:corals, minecraft:buttons, minecraft:flowers, alexsmobs:void_worm_breakables, minecraft:planks, forge:cobblestone, minecraft:rails, betterendforge:pythadendron_logs, forge:barrels/wooden, alexsmobs:soul_vulture_perches, minecraft:strider_warm_blocks, forge:storage_blocks/gold, minecraft:fence_gates, forge:ores, minecraft:bee_growables, minecraft:wooden_pressure_plates, minecraft:tall_flowers, biomesoplenty:redwood_logs, biomesoplenty:jacaranda_logs, forge:fences, minecraft:stone_pressure_plates, supplementaries:concrete_powders, forge:storage_blocks/diamond, minecraft:nylium, alexsmobs:warped_mosco_breakables, minecraft:gold_ores, supplementaries:palisades, supplementaries:hang_from_ropes, forge:glass_panes/pink, forge:netherrack, forge:mushroom_blocks, supplementaries:bellows_tickable, forge:terracotta]
[23Mar2025 00:47:23.759] [Thread-0/INFO] [STDOUT/]: [tschipp.carryon.common.handler.ListHandler:initConfigLists:282]: [minecraft:soul_fire_base_blocks, forge:glass_panes/magenta, forge:crops/flax, whisperwoods:wisp_lantern, platform:stone_ore_replaceables, nethers_delight:soul_compost_activators, farmersdelight:unaffected_by_rich_soil, tombstone:decorative_graves, forge:crops/eggplant, betterendforge:gen_terrain, forge:storage_blocks/netherite, forge:glass_panes/white, biomesoplenty:hellbark_logs, forge:gravel, supplementaries:beams, forge:glass_panes/cyan, biomesoplenty:magic_logs, forge:glass_panes/light_gray, minecraft:wool, forge:glass/colorless, alexsmobs:roadrunner_spawns, minecolonies:protectionexception, forge:glass_panes/light_blue, minecraft:beehives, minecraft:ice, forge:ores/netherite_scrap, minecraft:crops, minecraft:dragon_immune, forge:nether_bricks, alexsmobs:alligator_snapping_turtle_spawns, farmersdelight:heat_sources, forge:fiber/flax, forge:stained_glass, forge:glass/pink, forge:chests, forge:storage_blocks/emerald, forge:ores/redstone, forge:borninchaos/structure_grass_blocks, forge:borninchaos/structure_dirt_blocks, forge:storage_blocks/quicksilver, minecraft:warped_stems, forge:glass/red, forge:storage_blocks/iron, forge:glass_panes/brown, forge:glass_panes/green, betterendforge:end_lotus_logs, carryon:block_blacklist, forge:ores/sapphire, forge:crops/aubergine, minecraft:prevent_mob_spawning_inside, minecraft:climbable, forge:fiber, forge:chests/trapped, forge:fence_gates, minecraft:dark_oak_logs, farmersdelight:compost_activators, minecraft:coral_plants, farmersdelight:tray_heat_sources, forge:glass_panes, minecraft:non_flammable_wood, forge:sandstone, forge:storage_blocks/copper, forge:glass_panes/colorless, darkerdepths:underground_base_blocks, alexsmobs:drops_bananas, darkerdepths:grimestone_replacement, twilightforest:antibuilder_ignores, supplementaries:pane_connection, minecraft:fences, minecraft:saplings, forge:storage_blocks/tin, forge:storage_blocks/lapis, forge:ores/copper, minecraft:mineable/pickaxe, minecraft:beds, forge:ores/diamond, minecraft:unstable_bottom_center, forge:purpur, forge:ores/lead, minecraft:doors, minecraft:enderman_holdable, minecraft:banners, minecraft:infiniburn_overworld, minecraft:flower_pots, minecraft:wooden_fences, alexsmobs:rattlesnake_spawns, minecraft:wall_post_override, supplementaries:posts, forge:obsidian, forge:enderman_place_on_blacklist, biomesoplenty:mahogany_logs, platform:features_cannot_replace, alexsmobs:kangaroo_spawns, tombstone:grave_marbles, forge:ores/tin, alexsmobs:seal_digables, forge:glass/white, forge:glass_panes/red, minecraft:signs, farmersdelight:mushroom_colony_growable_on, biomesoplenty:willow_logs, minecraft:wither_summon_base_blocks, supplementaries:pouring_tank, forge:glass/magenta, alexsmobs:mimic_octopus_spawns, forge:ores/coal, minecraft:hoglin_repellents, minecraft:fire, minecraft:base_stone_nether, minecraft:wall_signs, quark:vertical_slabs, forge:red_nether_bricks, carryon:block_whitelist, alexsmobs:drops_acacia_blossoms, forge:workbench, forge:storage_blocks/end_crystal, betterendforge:lacugrove_logs, forge:storage_blocks/sapphire, forge:sand/colorless, minecraft:trapdoors, alexsmobs:komodo_dragon_spawns, forge:glass/cyan, alexsmobs:crow_fears, alexsmobs:mantis_shrimp_spawns, forge:glass, nethers_delight:unaffected_by_rich_soul_soil, minecraft:soul_speed_blocks, twilightforest:antibuilder_blacklist, alexsmobs:lobster_spawns, forge:needs_wood_tool, minecraft:leaves, minecraft:walls, minecraft:coral_blocks, forge:glass/green, alexsmobs:cachalot_whale_breakables, forge:storage_blocks/lead, born_in_chaos:grass_blocks, forge:ores/end_crystal, forge:glass_panes/gray, minecraft:wither_immune, minecraft:acacia_logs, platform:carvers_can_replace, forge:stained_glass_panes, capsule:excluded, minecraft:underwater_bonemeals, tombstone:player_graves, forge:sand/red, betterendforge:end_ground, minecraft:impermeable, alexsmobs:emu_spawns, minecraft:sand, forge:end_stones, forge:glass/brown, biomesoplenty:fir_logs, betterendforge:umbrella_tree_logs, minecraft:logs_that_burn, supplementaries:walls, forge:fences/wooden, sereneseasons:summer_crops, forge:glass/gray, minecraft:campfires, supplementaries:vine_support, forge:storage_blocks, minecraft:infiniburn_nether, forge:glass_panes/orange, forge:glass/light_gray, forge:ores/quartz, minecraft:wooden_slabs, alexsmobs:platypus_spawns, forge:glass/blue, whisperwoods:ghost_light, minecraft:small_flowers, born_in_chaos:air_blocks, minecraft:wooden_trapdoors, forge:storage_blocks/coal, forge:glass_panes/black, forge:glass/light_blue, forge:ores/thallasium, farmersdelight:wild_crops, forge:storage_blocks/redstone, forge:ores/quicksilver, betterendforge:mossy_glowshroom_logs, supplementaries:rope_support, sereneseasons:winter_crops, alexsmobs:grizzly_beehive, forge:glass_panes/blue, minecraft:stairs, sereneseasons:unbreakable_infertile_crops, minecraft:logs, supplementaries:water_holder, forge:ores/amber, betterendforge:helix_tree_logs, forge:stone, alexsmobs:crocodile_spawns, minecraft:valid_spawn, minecraft:mushroom_grow_block, minecraft:wooden_doors, minecraft:standing_signs, minecraft:infiniburn_end, forge:cheese_block, forge:glass_panes/yellow, sereneseasons:autumn_crops, forge:glass/purple, minecraft:crimson_stems, alexsmobs:soul_vulture_spawns, biomesoplenty:cherry_logs, betterendforge:lucernia_logs, minecraft:wart_blocks, born_in_chaos:soil_blocks, alexsmobs:leafcutter_ant_breakables, betterendforge:tenanea_logs, quark:hedges, farmersdelight:heat_conductors, alexsmobs:gorilla_breakables, forge:crops, etched:audio_providers, minecraft:beacon_base_blocks, alexsmobs:orca_breakables, alexsmobs:seal_spawns, minecraft:shulker_boxes, alexsmobs:mungus_replace_mushroom, minecraft:anvil, forge:ores/silver, minecraft:birch_logs, forge:sand, forge:ores/ender, sereneseasons:greenhouse_glass, minecraft:wall_corals, create:fan_heaters, platform:dirt, forge:glass_panes/purple, forge:glass/yellow, alexsmobs:elephant_foodblocks, betterendforge:jellyshroom_logs, forge:storage_blocks/silver, minecraft:oak_logs, forge:ores/gold, forge:storage_blocks/neptunium, forge:needs_netherite_tool, forge:barrels, minecraft:piglin_repellents, forge:storage_blocks/pearl, forge:ores/lapis, biomesoplenty:palm_logs, forge:glass/black, biomesoplenty:dead_logs, minecraft:portals, alexsmobs:mungus_replace_nether, forge:dirt, minecraft:bamboo_plantable_on, forge:fences/nether_brick, forge:glass/lime, forge:chests/wooden, forge:ores/iron, minecraft:pressure_plates, whisperwoods:moth_breakable, betterendforge:dragon_tree_logs, minecraft:jungle_logs, tombstone:graves, forge:chests/ender, minecraft:wooden_stairs, minecraft:spruce_logs, minecraft:carpets, minecraft:base_stone_overworld, minecraft:wooden_buttons, forge:base_stone_granite, rats:quarry_ignorables, biomesoplenty:umbran_logs, alexsmobs:crow_foodblocks, forge:fence_gates/wooden, minecraft:stone_bricks, forge:storage_blocks/quartz, forge:glass/orange, forge:glass_panes/lime, sereneseasons:spring_crops, endrem:end_crystal_gen, minecraft:slabs, minecraft:guarded_by_piglins, forge:ores/emerald, forge:borninchaos/structure_air_blocks, minecraft:corals, minecraft:buttons, minecraft:flowers, alexsmobs:void_worm_breakables, minecraft:planks, forge:cobblestone, minecraft:rails, betterendforge:pythadendron_logs, forge:barrels/wooden, alexsmobs:soul_vulture_perches, minecraft:strider_warm_blocks, forge:storage_blocks/gold, minecraft:fence_gates, forge:ores, minecraft:bee_growables, minecraft:wooden_pressure_plates, minecraft:tall_flowers, biomesoplenty:redwood_logs, biomesoplenty:jacaranda_logs, forge:fences, minecraft:stone_pressure_plates, supplementaries:concrete_powders, forge:storage_blocks/diamond, minecraft:nylium, alexsmobs:warped_mosco_breakables, minecraft:gold_ores, supplementaries:palisades, supplementaries:hang_from_ropes, forge:glass_panes/pink, forge:netherrack, forge:mushroom_blocks, supplementaries:bellows_tickable, forge:terracotta]
[23Mar2025 00:47:23.761] [Thread-0/INFO] [STDOUT/]: [tschipp.carryon.common.handler.ListHandler:initConfigLists:282]: [minecraft:soul_fire_base_blocks, forge:glass_panes/magenta, forge:crops/flax, whisperwoods:wisp_lantern, platform:stone_ore_replaceables, nethers_delight:soul_compost_activators, farmersdelight:unaffected_by_rich_soil, tombstone:decorative_graves, forge:crops/eggplant, betterendforge:gen_terrain, forge:storage_blocks/netherite, forge:glass_panes/white, biomesoplenty:hellbark_logs, forge:gravel, supplementaries:beams, forge:glass_panes/cyan, biomesoplenty:magic_logs, forge:glass_panes/light_gray, minecraft:wool, forge:glass/colorless, alexsmobs:roadrunner_spawns, minecolonies:protectionexception, forge:glass_panes/light_blue, minecraft:beehives, minecraft:ice, forge:ores/netherite_scrap, minecraft:crops, minecraft:dragon_immune, forge:nether_bricks, alexsmobs:alligator_snapping_turtle_spawns, farmersdelight:heat_sources, forge:fiber/flax, forge:stained_glass, forge:glass/pink, forge:chests, forge:storage_blocks/emerald, forge:ores/redstone, forge:borninchaos/structure_grass_blocks, forge:borninchaos/structure_dirt_blocks, forge:storage_blocks/quicksilver, minecraft:warped_stems, forge:glass/red, forge:storage_blocks/iron, forge:glass_panes/brown, forge:glass_panes/green, betterendforge:end_lotus_logs, carryon:block_blacklist, forge:ores/sapphire, forge:crops/aubergine, minecraft:prevent_mob_spawning_inside, minecraft:climbable, forge:fiber, forge:chests/trapped, forge:fence_gates, minecraft:dark_oak_logs, farmersdelight:compost_activators, minecraft:coral_plants, farmersdelight:tray_heat_sources, forge:glass_panes, minecraft:non_flammable_wood, forge:sandstone, forge:storage_blocks/copper, forge:glass_panes/colorless, darkerdepths:underground_base_blocks, alexsmobs:drops_bananas, darkerdepths:grimestone_replacement, twilightforest:antibuilder_ignores, supplementaries:pane_connection, minecraft:fences, minecraft:saplings, forge:storage_blocks/tin, forge:storage_blocks/lapis, forge:ores/copper, minecraft:mineable/pickaxe, minecraft:beds, forge:ores/diamond, minecraft:unstable_bottom_center, forge:purpur, forge:ores/lead, minecraft:doors, minecraft:enderman_holdable, minecraft:banners, minecraft:infiniburn_overworld, minecraft:flower_pots, minecraft:wooden_fences, alexsmobs:rattlesnake_spawns, minecraft:wall_post_override, supplementaries:posts, forge:obsidian, forge:enderman_place_on_blacklist, biomesoplenty:mahogany_logs, platform:features_cannot_replace, alexsmobs:kangaroo_spawns, tombstone:grave_marbles, forge:ores/tin, alexsmobs:seal_digables, forge:glass/white, forge:glass_panes/red, minecraft:signs, farmersdelight:mushroom_colony_growable_on, biomesoplenty:willow_logs, minecraft:wither_summon_base_blocks, supplementaries:pouring_tank, forge:glass/magenta, alexsmobs:mimic_octopus_spawns, forge:ores/coal, minecraft:hoglin_repellents, minecraft:fire, minecraft:base_stone_nether, minecraft:wall_signs, quark:vertical_slabs, forge:red_nether_bricks, carryon:block_whitelist, alexsmobs:drops_acacia_blossoms, forge:workbench, forge:storage_blocks/end_crystal, betterendforge:lacugrove_logs, forge:storage_blocks/sapphire, forge:sand/colorless, minecraft:trapdoors, alexsmobs:komodo_dragon_spawns, forge:glass/cyan, alexsmobs:crow_fears, alexsmobs:mantis_shrimp_spawns, forge:glass, nethers_delight:unaffected_by_rich_soul_soil, minecraft:soul_speed_blocks, twilightforest:antibuilder_blacklist, alexsmobs:lobster_spawns, forge:needs_wood_tool, minecraft:leaves, minecraft:walls, minecraft:coral_blocks, forge:glass/green, alexsmobs:cachalot_whale_breakables, forge:storage_blocks/lead, born_in_chaos:grass_blocks, forge:ores/end_crystal, forge:glass_panes/gray, minecraft:wither_immune, minecraft:acacia_logs, platform:carvers_can_replace, forge:stained_glass_panes, capsule:excluded, minecraft:underwater_bonemeals, tombstone:player_graves, forge:sand/red, betterendforge:end_ground, minecraft:impermeable, alexsmobs:emu_spawns, minecraft:sand, forge:end_stones, forge:glass/brown, biomesoplenty:fir_logs, betterendforge:umbrella_tree_logs, minecraft:logs_that_burn, supplementaries:walls, forge:fences/wooden, sereneseasons:summer_crops, forge:glass/gray, minecraft:campfires, supplementaries:vine_support, forge:storage_blocks, minecraft:infiniburn_nether, forge:glass_panes/orange, forge:glass/light_gray, forge:ores/quartz, minecraft:wooden_slabs, alexsmobs:platypus_spawns, forge:glass/blue, whisperwoods:ghost_light, minecraft:small_flowers, born_in_chaos:air_blocks, minecraft:wooden_trapdoors, forge:storage_blocks/coal, forge:glass_panes/black, forge:glass/light_blue, forge:ores/thallasium, farmersdelight:wild_crops, forge:storage_blocks/redstone, forge:ores/quicksilver, betterendforge:mossy_glowshroom_logs, supplementaries:rope_support, sereneseasons:winter_crops, alexsmobs:grizzly_beehive, forge:glass_panes/blue, minecraft:stairs, sereneseasons:unbreakable_infertile_crops, minecraft:logs, supplementaries:water_holder, forge:ores/amber, betterendforge:helix_tree_logs, forge:stone, alexsmobs:crocodile_spawns, minecraft:valid_spawn, minecraft:mushroom_grow_block, minecraft:wooden_doors, minecraft:standing_signs, minecraft:infiniburn_end, forge:cheese_block, forge:glass_panes/yellow, sereneseasons:autumn_crops, forge:glass/purple, minecraft:crimson_stems, alexsmobs:soul_vulture_spawns, biomesoplenty:cherry_logs, betterendforge:lucernia_logs, minecraft:wart_blocks, born_in_chaos:soil_blocks, alexsmobs:leafcutter_ant_breakables, betterendforge:tenanea_logs, quark:hedges, farmersdelight:heat_conductors, alexsmobs:gorilla_breakables, forge:crops, etched:audio_providers, minecraft:beacon_base_blocks, alexsmobs:orca_breakables, alexsmobs:seal_spawns, minecraft:shulker_boxes, alexsmobs:mungus_replace_mushroom, minecraft:anvil, forge:ores/silver, minecraft:birch_logs, forge:sand, forge:ores/ender, sereneseasons:greenhouse_glass, minecraft:wall_corals, create:fan_heaters, platform:dirt, forge:glass_panes/purple, forge:glass/yellow, alexsmobs:elephant_foodblocks, betterendforge:jellyshroom_logs, forge:storage_blocks/silver, minecraft:oak_logs, forge:ores/gold, forge:storage_blocks/neptunium, forge:needs_netherite_tool, forge:barrels, minecraft:piglin_repellents, forge:storage_blocks/pearl, forge:ores/lapis, biomesoplenty:palm_logs, forge:glass/black, biomesoplenty:dead_logs, minecraft:portals, alexsmobs:mungus_replace_nether, forge:dirt, minecraft:bamboo_plantable_on, forge:fences/nether_brick, forge:glass/lime, forge:chests/wooden, forge:ores/iron, minecraft:pressure_plates, whisperwoods:moth_breakable, betterendforge:dragon_tree_logs, minecraft:jungle_logs, tombstone:graves, forge:chests/ender, minecraft:wooden_stairs, minecraft:spruce_logs, minecraft:carpets, minecraft:base_stone_overworld, minecraft:wooden_buttons, forge:base_stone_granite, rats:quarry_ignorables, biomesoplenty:umbran_logs, alexsmobs:crow_foodblocks, forge:fence_gates/wooden, minecraft:stone_bricks, forge:storage_blocks/quartz, forge:glass/orange, forge:glass_panes/lime, sereneseasons:spring_crops, endrem:end_crystal_gen, minecraft:slabs, minecraft:guarded_by_piglins, forge:ores/emerald, forge:borninchaos/structure_air_blocks, minecraft:corals, minecraft:buttons, minecraft:flowers, alexsmobs:void_worm_breakables, minecraft:planks, forge:cobblestone, minecraft:rails, betterendforge:pythadendron_logs, forge:barrels/wooden, alexsmobs:soul_vulture_perches, minecraft:strider_warm_blocks, forge:storage_blocks/gold, minecraft:fence_gates, forge:ores, minecraft:bee_growables, minecraft:wooden_pressure_plates, minecraft:tall_flowers, biomesoplenty:redwood_logs, biomesoplenty:jacaranda_logs, forge:fences, minecraft:stone_pressure_plates, supplementaries:concrete_powders, forge:storage_blocks/diamond, minecraft:nylium, alexsmobs:warped_mosco_breakables, minecraft:gold_ores, supplementaries:palisades, supplementaries:hang_from_ropes, forge:glass_panes/pink, forge:netherrack, forge:mushroom_blocks, supplementaries:bellows_tickable, forge:terracotta]
[23Mar2025 00:47:23.945] [Server thread/INFO] [net.minecraft.server.dedicated.DedicatedServer/]: Preparing level "world"
[23Mar2025 00:47:24.479] [Server thread/WARN] [net.minecraft.network.datasync.EntityDataManager/]: defineId called for: class com.github.alexthe666.alexsmobs.entity.EntityVoidWorm from class com.github.alexthe666.alexsmobs.entity.EntityVoidPortal
[23Mar2025 00:47:24.544] [Server thread/WARN] [net.minecraft.network.datasync.EntityDataManager/]: defineId called for: class dev.itsmeow.whisperwoods.entity.EntityMoth from class dev.itsmeow.whisperwoods.imdlib.entity.EntityTypeContainer
[23Mar2025 00:47:24.546] [Server thread/WARN] [net.minecraft.network.datasync.EntityDataManager/]: defineId called for: class dev.itsmeow.whisperwoods.entity.EntityMoth from class dev.itsmeow.whisperwoods.imdlib.entity.util.EntityTypeContainerContainable
[23Mar2025 00:47:24.547] [Server thread/WARN] [net.minecraft.network.datasync.EntityDataManager/]: defineId called for: class dev.itsmeow.whisperwoods.entity.EntityHidebehind from class dev.itsmeow.whisperwoods.imdlib.entity.EntityTypeContainer
[23Mar2025 00:47:24.553] [Server thread/WARN] [net.minecraft.network.datasync.EntityDataManager/]: defineId called for: class dev.itsmeow.whisperwoods.entity.EntityZotzpyre from class dev.itsmeow.whisperwoods.imdlib.entity.EntityTypeContainer
[23Mar2025 00:47:24.615] [Server thread/INFO] [net.minecraft.server.MinecraftServer/]: Preparing start region for dimension minecraft:overworld
[23Mar2025 00:47:26.251] [Server thread/INFO] [net.minecraft.world.chunk.listener.LoggingChunkStatusListener/]: Preparing spawn area: 0%
[23Mar2025 00:47:26.252] [Server thread/INFO] [net.minecraft.world.chunk.listener.LoggingChunkStatusListener/]: Preparing spawn area: 0%
[23Mar2025 00:47:26.252] [Server thread/INFO] [net.minecraft.world.chunk.listener.LoggingChunkStatusListener/]: Preparing spawn area: 0%
[23Mar2025 00:47:26.252] [Server thread/INFO] [net.minecraft.world.chunk.listener.LoggingChunkStatusListener/]: Preparing spawn area: 0%
[23Mar2025 00:47:26.617] [Server thread/INFO] [net.minecraft.world.chunk.listener.LoggingChunkStatusListener/]: Preparing spawn area: 63%
[23Mar2025 00:47:26.918] [Server thread/INFO] [net.minecraft.world.chunk.listener.LoggingChunkStatusListener/]: Time elapsed: 2303 ms
[23Mar2025 00:47:26.920] [Server thread/INFO] [net.minecraft.server.dedicated.DedicatedServer/]: Done (3.171s)! For help, type "help"
[23Mar2025 00:47:27.328] [Server thread/INFO] [strawgolem/]: Strawgolem: Server Starting
[23Mar2025 00:47:39.990] [Server thread/INFO] [net.minecraftforge.common.AdvancementLoadFix/]: Using new advancement loading for net.minecraft.advancements.PlayerAdvancements@160b05e4
[23Mar2025 00:47:40.036] [Server thread/INFO] [net.minecraft.server.management.PlayerList/]: Taskablack7[/127.151.0.213:35833] logged in with entity id 625 at (-1690.3262357459848, 73.0, 2446.699999988079)
[23Mar2025 00:47:40.104] [Server thread/INFO] [net.minecraft.server.dedicated.DedicatedServer/]: Taskablack7 joined the game
[23Mar2025 00:47:40.268] [Netty Epoll Server IO #2/ERROR] [net.minecraft.command.arguments.ArgumentTypes/]: Could not serialize me.paulf.wings.server.command.WingsArgument@11e31c90 (class me.paulf.wings.server.command.WingsArgument) - will not be sent to client!
[23Mar2025 00:47:40.269] [Netty Epoll Server IO #2/ERROR] [net.minecraft.command.arguments.ArgumentTypes/]: Could not serialize me.paulf.wings.server.command.WingsArgument@600f2903 (class me.paulf.wings.server.command.WingsArgument) - will not be sent to client!
[23Mar2025 00:47:43.448] [Server thread/WARN] [net.minecraft.server.MinecraftServer/]: Can't keep up! Is the server overloaded? Running 3160ms or 63 ticks behind
[23Mar2025 00:49:19.870] [Server thread/WARN] [net.minecraft.world.server.ServerWorld/]: Trying to add entity with duplicated UUID 24ef67c4-b0c5-4eb4-8e3e-984a9bcfed3b. Existing cnb:friendly_sporeling#1199, new: cnb:friendly_sporeling#1202
[23Mar2025 00:49:26.355] [Server thread/INFO] [sereneseasons/]: Season time skipped by 10422 in minecraft:the_nether
[23Mar2025 00:49:26.356] [Server thread/INFO] [sereneseasons/]: Season time skipped by 10422 in minecraft:the_end
[23Mar2025 00:49:26.387] [Server thread/INFO] [sereneseasons/]: Season time skipped by 10422 in minecraft:overworld
[23Mar2025 00:52:55.187] [Worker-Main-5/WARN] [net.minecraft.world.gen.feature.jigsaw.JigsawManager/]: Empty or none existent pool: endrem:puzzle_corridor
[23Mar2025 00:52:55.358] [Worker-Main-5/WARN] [net.minecraft.world.gen.feature.jigsaw.JigsawManager/]: Empty or none existent pool: minecraft:
[23Mar2025 00:52:55.360] [Worker-Main-5/WARN] [net.minecraft.world.gen.feature.jigsaw.JigsawManager/]: Empty or none existent pool: minecraft:
[23Mar2025 00:52:55.442] [Worker-Main-5/WARN] [net.minecraft.world.gen.feature.jigsaw.JigsawManager/]: Empty or none existent pool: minecraft:
[23Mar2025 00:52:55.443] [Worker-Main-5/WARN] [net.minecraft.world.gen.feature.jigsaw.JigsawManager/]: Empty or none existent pool: minecraft:
[23Mar2025 00:52:55.469] [Worker-Main-5/WARN] [net.minecraft.world.gen.feature.jigsaw.JigsawManager/]: Empty or none existent pool: minecraft:
[23Mar2025 00:52:55.470] [Worker-Main-5/WARN] [net.minecraft.world.gen.feature.jigsaw.JigsawManager/]: Empty or none existent pool: minecraft:
[23Mar2025 00:52:55.470] [Worker-Main-5/WARN] [net.minecraft.world.gen.feature.jigsaw.JigsawManager/]: Empty or none existent pool: minecraft:
[23Mar2025 00:52:55.470] [Worker-Main-5/WARN] [net.minecraft.world.gen.feature.jigsaw.JigsawManager/]: Empty or none existent pool: minecraft:
[23Mar2025 00:52:55.486] [Worker-Main-5/WARN] [net.minecraft.world.gen.feature.jigsaw.JigsawManager/]: Empty or none existent pool: minecraft:
[23Mar2025 00:52:55.486] [Worker-Main-5/WARN] [net.minecraft.world.gen.feature.jigsaw.JigsawManager/]: Empty or none existent pool: minecraft:
[23Mar2025 00:54:38.962] [Server thread/INFO] [net.minecraft.server.dedicated.DedicatedServer/]: Taskablack7 has reached the goal [Strong or Careful]
[23Mar2025 00:54:38.964] [Server thread/INFO] [net.minecraft.server.dedicated.DedicatedServer/]: Taskablack7 was slain by Door Knight
[23Mar2025 00:54:38.990] [Server thread/INFO] [tombstone/]: The player Taskablack7 has successfully been saved
[23Mar2025 00:54:40.374] [Server thread/INFO] [Scaling Health/]: Player lost 0.00 heart crystal(s)
[23Mar2025 00:54:40.374] [Server thread/INFO] [Scaling Health/]: Player lost -0.00 difficulty
[23Mar2025 00:54:40.396] [Netty Epoll Server IO #2/ERROR] [net.minecraft.command.arguments.ArgumentTypes/]: Could not serialize me.paulf.wings.server.command.WingsArgument@11e31c90 (class me.paulf.wings.server.command.WingsArgument) - will not be sent to client!
[23Mar2025 00:54:40.397] [Netty Epoll Server IO #2/ERROR] [net.minecraft.command.arguments.ArgumentTypes/]: Could not serialize me.paulf.wings.server.command.WingsArgument@600f2903 (class me.paulf.wings.server.command.WingsArgument) - will not be sent to client!
[23Mar2025 00:55:29.239] [Server thread/INFO] [net.minecraft.server.dedicated.DedicatedServer/]: [Taskablack7: Teleported Taskablack7 to -1907.5, 87.5, 3091.5]
